NAMA_PEGAWAI	JABATAN	GOL	UNIT KERJA
dr. Imam Ghozali, Sp.An., M.Kes	Direktur	IV/b	DIREKTUR
dr. Elitha Martarina Utari, MARS	Wakil Direktur	IV/c	WAKIL DIREKTUR PEND, PENG. SDM DAN HUKUM
dr. Marzuqi Sayuti, Sp.OG., M.H	Wakil Direktur	IV/c	WAKIL DIREKTUR UMUM DAN KEUANGAN
dr. Yusmaidi, Sp.B-KBD	Wakil Direktur	IV/c	WAKIL DIREKTUR KEPERAWATAN, PELAYANAN DAN PENUNJANG MEDIK
NANNY RICARDINI NURZAL, SE.,M.Kes	KABAG / KABID	IV/b	BAGIAN KEUANGAN
dr. Surya Puspa Dewi, MARS	KABAG / KABID	IV/b	BIDANG PELAYANAN MEDIK
drg. Hellen Veranica, M.Kes	KABAG / KABID	IV/b	BIDANG PENUNJANG MEDIK
Ns.Akhmad Sapri, S.Kep.MH	KABAG / KABID	IV/a	BIDANG HUKUM
Yenny Ekawati , S.Kep.,M.Kes	KABAG / KABID	IV/a	BIDANG PENGEMBANGAN SDM
dr.Nina Virginawati, M.HSM	KABAG / KABID	IV/a	BAGIAN PERENCANAAN & ANGGARAN
SABARIAH HASAN, S.E	KABAG / KABID	III/d	BAGIAN UMUM
dr. Asih Hendrastuti, M.Kes	KABAG / KABID	IV/a	BIDANG KEPERAWATAN
Ns.Septi Kurniasari,M.Kep,Sp.KMB	Subkoor substansi	IV/a	BIDANG KEPERAWATAN
dr.Edy Ramdhani, MH	Subkoor substansi	IV/a	BIDANG PELAYANAN MEDIK
dr.Mira Yustiawati	Subkoor substansi	IV/a	BIDANG PELAYANAN MEDIK
Taty WiryaniI W, S.Kep, M.M	Subkoor substansi	IV/a	BIDANG KEPERAWATAN
ESTI COMALARIA,S.E,M.M	Subkoor substansi	IV/a	BIDANG PENUNJANG MEDIK
Ns. Jumiah, S.Kep	Subkoor substansi	IV/a	BIDANG PENGEMBANGAN SDM
ILHAMDANI, S.Kep., M.H	Subkoor substansi	III/d	BIDANG HUKUM
Susilawati, SKM., MM	Subkoor substansi	IV/a	BIDANG PENUNJANG MEDIK
Rahmat Saifutra, SKM., MM	Subkoor substansi	IV/a	BAGIAN UMUM
ZA'IM, SKM, MM	Subkoor substansi	IV/a	BAGIAN PERENCANAAN & ANGGARAN
Desy Yuanita, SKM., M.Kes	Subkoor substansi	III/c	BAGIAN PERENCANAAN & ANGGARAN
ERWAN SAKTI BARMAWI,S.IP.,MM	Subkoor substansi	IV/a	BAGIAN KEUANGAN
TIKA OKTARIA, S.KEP	Subkoor substansi	III/d	BIDANG PENGEMBANGAN SDM
Yulia Sari, SE	Subkoor substansi	III/b	BAGIAN UMUM
Erika Karolina, S.Sos	Subkoor substansi	III/d	BAGIAN UMUM
NURUL HAIDA,S.K.M	Subkoor substansi	III/d	BIDANG HUKUM
Ns. Sabta Putra, S.Kep, M.H	Ka. SPI	III/c	SPI
dr. Hotmen Sijabat, Sp.PD	Ka. Komite Medik	IV/a	SMF PENYAKIT DALAM
Ns. SRI WAHYUNI, S.Kep	Komite Keperawatan	IV/e	KOMITE KEPERAWATAN
SIGIT MARIYANTO, S.ST, M.Si	Ka. Komite Nakes Lain	IV/b	KEPALA INSTALASI PELAYANAN
Ahmad Satriya, SKM.,MM	KA. INSTALASI NON ESELON	IV/a	KEPALA INSTALASI NON ESELON
Berti Zelda Zubair, SKM	KA. INSTALASI NON ESELON	III/d	KEPALA INSTALASI NON ESELON
dr. Chandra Yuli Among Sari	KA. INSTALASI NON ESELON	III/c	KEPALA INSTALASI NON ESELON
Hermantoro, SKM., MM	KA. INSTALASI NON ESELON	IV/a	KEPALA INSTALASI NON ESELON
Dr. Ika Sudirahayu, SKM., MPH	KA. INSTALASI NON ESELON	III/d	KEPALA INSTALASI NON ESELON
JAUHARI, SKM., M.KES	KA. INSTALASI NON ESELON	IV/a	KEPALA INSTALASI NON ESELON
KURNIA TIMOR UTOMO, A.Md	KA. INSTALASI NON ESELON	III/b	KEPALA INSTALASI NON ESELON
Muchtar Hasan, SKM., MM	KA. INSTALASI NON ESELON	IV/a	KEPALA INSTALASI NON ESELON
Winanto, SST., M.Kes	KA. INSTALASI NON ESELON	III/c	KEPALA INSTALASI NON ESELON
Gunardi.SE	KA. INSTALASI NON ESELON	III/b	KEPALA INSTALASI NON ESELON
DIANA SARI, S.KM	KA. INSTALASI NON ESELON	III/d	KEPALA INSTALASI NON ESELON
Ami Dewi, S.Kep. MM	KA. INSTALASI NON ESELON	IV/a	KEPALA INSTALASI NON ESELON
Ahmad Fanani, S.Farm, Apt	Ka Instalasi Farmasi	IV/b	APOTEKER
dr. Dean Zandesko	KEPALA INSTALASI PELAYANAN	IV/a	KEPALA INSTALASI PELAYANAN
Ns. KISTON RIYADI, S.Kep	KEPALA INSTALASI KEPERAWATAN	III/d	KEPALA INSTALASI KEPERAWATAN
Ns. Wahyuni Sari, S.Kep	KEPALA INSTALASI KEPERAWATAN	III/d	KEPALA INSTALASI KEPERAWATAN
NOPIANI, SKM., M.Si	KEPALA INSTALASI PELAYANAN	III/d	KEPALA INSTALASI PELAYANAN
Ns. DEWI MUAYANAH, S.Kep	KEPALA INSTALASI KEPERAWATAN	IV/c	KEPALA INSTALASI KEPERAWATAN
NANIK SUWARSO, S.ST., M.SI	MANAJER RUANGAN	IV/b	MANAJER RUANGAN
Ns. Maya Oktavia, S.Kep	MANAJER RUANGAN	III/d	MANAJER RUANGAN
Ns. MULYONO, S.Kep	MANAJER RUANGAN	IV/c	MANAJER RUANGAN
Ns. NURPIYANTI, S.Kep	MANAJER RUANGAN	III/d	MANAJER RUANGAN
Ns. Ratu Aisyah, S.Kep	MANAJER RUANGAN	IV/c	MANAJER RUANGAN
Ns. Robithoh, S.Kep	MANAJER RUANGAN	III/d	MANAJER RUANGAN
Bdn. Misda Gustini, S.Keb	MANAJER RUANGAN	III/b	MANAJER RUANGAN
Ns. Hotmaida, S.Kep	MANAJER RUANGAN	IV/c	MANAJER RUANGAN
Ns. LISDA PURNAMA, S.Kep	MANAJER RUANGAN	III/a	MANAJER RUANGAN
Ns. VIVA MAGDALENA, S.Kep	MANAJER RUANGAN	III/d	MANAJER RUANGAN
Ns. YUSMALIA, S.Kep	MANAJER RUANGAN	III/d	MANAJER RUANGAN
Ns. Yusmiati, S.Kep	MANAJER RUANGAN	IV/c	MANAJER RUANGAN
Ns. Paulus Joko Sutopo, S.Kep	MANAJER RUANGAN	III/d	MANAJER RUANGAN
Ns. Ria Hermawati, S.Kep	MANAJER RUANGAN	III/b	MANAJER RUANGAN
Ns. SRI EKAWATI, S.Kep	MANAJER RUANGAN	IV/c	MANAJER RUANGAN
SANGKANINGSIH, S.ST	MANAJER RUANGAN	IV/c	MANAJER RUANGAN
Yas Ikhwan, SST	MANAJER RUANGAN	III/d	MANAJER RUANGAN
Ns. SUMARNIATI, S.KEP	MANAJER RUANGAN	IV/c	MANAJER RUANGAN
Ns. JAENAL ARIPIN, S.Kep	MANAJER RUANGAN	IV/a	MANAJER RUANGAN
Ns. LIDIYAWATI SUDYA, S.Kep	MANAJER RUANGAN	III/d	MANAJER RUANGAN
NS. ERITA YUNISTISIA .R.,S.KEP	Manajer Ruangan	III/c	MANAJER RUANGAN
Ns. Eka Iriyanto, S.Kep	MANAJER RUANGAN	III/d	MANAJER RUANGAN
Verawati, A.Md.Ft	MANAJER RUANGAN	III/b	MANAJER RUANGAN
AFTULESI NURHAYATI, S.GZ.RD.MPH	MANAJER RUANGAN	III/d	MANAJER RUANGAN
Ns. ABDUL KADIR ZAILANI, S.Kep	MANAJER KLINIS	III/d	MANAJER KLINIS
Ns. FAIZUNA HAYANTI, S.Kep	MANAJER KLINIS	III/d	MANAJER KLINIS
Ns. Fitri Dwi Parmasi, S.Kep	MANAJER KLINIS	III/c	MANAJER KLINIS
Ns. IDA SUBARDIAH P, Sp.Kep.An	MANAJER KLINIS	IV/b	MANAJER KLINIS
Nurhaeni, SST, M.Si	MANAJER KLINIS	IV/c	MANAJER KLINIS
Ns. SANDRA ANDINI, Sp.Kep.M.B	MANAJER KLINIS	III/c	MANAJER KLINIS
Ns. Senja Oktarini, S.Kep	MANAJER KLINIS	III/d	MANAJER KLINIS
Ns. Zaikar Faizal, S.Kep, M.Kep	MANAJER KLINIS	IV/b	MANAJER KLINIS
Ns. Supari, S.Kep	MANAJER KLINIS	IV/c	MANAJER KLINIS
Ns. SURATMINAH, S.Kep	MANAJER KLINIS	IV/c	MANAJER KLINIS
Andi Kamaliah Azir, SKM.,M.Kes	MANAJER KLINIS	IV/a	MANAJER KLINIS
BUDIARSO, S.Kep	MANAJER KLINIS	III/b	MANAJER KLINIS
Kartini Jayanti, SKM	MANAJER KLINIS	III/b	MANAJER KLINIS
Ali Hanani, S.Kep	MANAJER KLINIS	IV/a	MANAJER KLINIS
Bdn.ITA UDROTUSSANIAH, S.Tr.Keb	MANAJER KLINIS	III/c	MANAJER KLINIS
DAVVY EKA SAPUTRA, S.KEP	MANAJER KLINIS	III/b	MANAJER KLINIS
Dony Marlindo, S.Kep	MANAJER KLINIS	III/d	MANAJER KLINIS
MARDANELA, S.ST	MANAJER KLINIS	IV/c	MANAJER KLINIS
Nizar Alzamna, A.Md.Kep	MANAJER KLINIS	III/b	MANAJER KLINIS
Ns. Berti, S.Kep	MANAJER KLINIS	III/d	MANAJER KLINIS
Ns. Dian Yulianti, S.Kep	MANAJER KLINIS	III/d	MANAJER KLINIS
Hastin Mayang Sari, S.Tr.Kes	MANAJER KLINIS	III/b	MANAJER KLINIS
Ns. LENI SARI ASDI, S.Kep	MANAJER KLINIS	III/a	MANAJER KLINIS
Ns.Erika Maulina Y, S.Kep.M.Kes	MANAJER KLINIS	III/b	MANAJER KLINIS
Zanariah, S. Tr. Keb	MANAJER KLINIS	III/c	MANAJER KLINIS
Ns. SRI SUGIYATI, S.Kep	MANAJER KLINIS	IV/b	MANAJER KLINIS
Ns. Sumaryono, S.Kep	MANAJER KLINIS	III/d	MANAJER KLINIS
Ns. HENI SUSIAWATI, S.Kep	MANAJER KLINIS	III/c	MANAJER KLINIS
Ns. Munani, S.Kep	MANAJER KLINIS	IV/c	MANAJER KLINIS
Ns. NILA ERNAWATI, S.Kep	MANAJER KLINIS	III/c	MANAJER KLINIS
Ns. MARLINA WARA SARITRI, S.Kep	MANAJER KLINIS	IV/c	MANAJER KLINIS
Ns. Mety Candika, S.Kep	MANAJER KLINIS	III/d	MANAJER KLINIS
Ns. Prima Febrianto P, S.Kep	MANAJER KLINIS	III/d	MANAJER KLINIS
Ns. ROSALIA RESTIWI, S.Kep	MANAJER KLINIS	IV/c	MANAJER KLINIS
YULIZA WINDY, S.Tr.Kes	MANAJER KLINIS	III/b	MANAJER KLINIS
Ns. HENDRA ANANDA, S.Kep	MANAJER KLINIS	III/c	MANAJER KLINIS
SOFWAN HALIMI, S.ST., M.Si	MANAJER KLINIS	III/c	MANAJER KLINIS
Dwi Novrita Yudiana, AMG	MANAJER KLINIS	III/d	MANAJER KLINIS
HARRY NURDI, S.Tr.Kes	MANAJER KLINIS	III/a	MANAJER KLINIS
BENNY GUSTIAN, A.MD.KEP	MANAJER KLINIS	III/d	MANAJER KLINIS
Ns. LIA FATMAWATI, S.Kep	MANAJER KLINIS	III/d	MANAJER KLINIS
Lenia Sari, A.Md.Kep	MANAJER KLINIS	III/b	MANAJER KLINIS
Leni Apridawati, A.Md.Kep	MANAJER KLINIS	III/b	MANAJER KLINIS
NS. SULASTRI, S.Kep	MANAJER KLINIS	III/b	MANAJER KLINIS
Vita Rostiawati SDA, A.Md.Kep	MANAJER KLINIS	III/c	MANAJER KLINIS
Ns. Reni Juwita, S.Kep	MANAJER KLINIS	III/c	MANAJER KLINIS
Ns.EVA NOVIANA MARYANA, S.Kep	MANAJER KLINIS	III/c	MANAJER KLINIS
Intristi, S.Sos, MM	STAF ADM UMUM	IV/a	SUB BAG KEPEGAWAIAN
HENI PUTRI DIANTI, SKM, M.KES	STAF ADM PELAYANAN	III/d	INSTALASI DIKLAT
Indra Rosadi, S.KM	STAF ADM UMUM	III/d	SUB BAG KEPEGAWAIAN
Alma'ruf Kusnan Desmi N, S.Kom	STAF ADM PELAYANAN	III/c	IGD
Hanifah Aprilia Widiyanti, SKM	STAF ADM PELAYANAN	III/d	SUB BAG PENYUSUNAN PELAPORAN & ANGG
Ns. Hayatun Nufus, S.Kep, M.M	STAF ADM UMUM	III/c	SUB BAG RT/PERLENGKAPAN
YUSRI INDRA S.Sos	STAF ADM PELAYANAN	IX	IRJ
Andi Syarifudin, A.Md.Kep	STAF ADM PELAYANAN	III/c	IRJ
YUASTUTI	STAF ADM PELAYANAN	V	IRJ
Sri Rejeki	STAF ADM PELAYANAN	III/a	IRJ
Nana Mariana	STAF ADM PELAYANAN	V	IRJ
Fitriani	STAF ADM PELAYANAN	V	IRJ
Evi Laili	STAF ADM PELAYANAN	V	IRJ
Armi Retno Gargari, A.Md.KL	STAF ADM PELAYANAN	VII	SUB BAG UMUM
Christie Widya Ningrum	STAF ADM PELAYANAN	V	IRJ
Fillipus Septi Hartono	STAF ADM PELAYANAN	II/d	IRJ
ACHMAD FASKAL, A.Md	STAF ADM UMUM	VII	INSTALASI EDP-TI
EGI ADE PUTRA	STAF ADM UMUM	V	IGD
Agus Widiyanto	STAF ADM PELAYANAN	V	IGD
Casrudi	STAF ADM PELAYANAN	III/a	IGD
Muchlisah	STAF ADM PELAYANAN	III/a	IGD
Mujiono	STAF ADM PELAYANAN	II/b	IGD
Naimah	STAF ADM PELAYANAN	II/b	IGD
ROBIANSYAH	STAF ADM PELAYANAN	V	IGD
Roma Saputra	STAF ADM PELAYANAN	V	IGD
SUDERAJAT	STAF ADM PELAYANAN	V	SUB BAGIAN REKAM MEDIK
Yohanes Saptoro	STAF ADM PELAYANAN	I/d	IGD
Redho Wijaya Usman	STAF ADM PELAYANAN	V	IGD
Maya Marlina	STAF ADM PELAYANAN	V	IGD
Nunung Asiani	STAF ADM PELAYANAN	II/a	INSTALASI BEDAH SENTRAL
Rudiansyah	STAF ADM PELAYANAN	V	INSTALASI BEDAH SENTRAL
Abdul Rohim, A.Md.KL	STAF ADM PELAYANAN	VII	INSTALASI BEDAH SENTRAL
Dedi Suparno	STAF ADM PELAYANAN	II/c	INSTALASI BEDAH SENTRAL
Ning Hayati	STAF ADM PELAYANAN	III/a	INSTALASI BEDAH SENTRAL
Ririn Sukmawati, A.Md	STAF ADM PELAYANAN	VII	INSTALASI BEDAH SENTRAL
Usman	STAF ADM PELAYANAN	II/d	INSTALASI BEDAH SENTRAL
Supiyati, S.KOM	STAF ADM PELAYANAN	III/a	INSTALASI BEDAH SENTRAL
Imam Abadi	STAF ADM PELAYANAN	III/a	INSTALASI ANESTESI
ABDUL ROHMAN, A.Md	STAF ADM PELAYANAN	VII	INSTALASI ANESTESI
RUMIATI	STAF ADM PELAYANAN	II/c	ICU / ICCU / PICU
Sukirman	STAF ADM PELAYANAN	II/c	ICU / ICCU / PICU
Iwan Kurniawan	STAF ADM PELAYANAN	V	ICU / ICCU / PICU
Iswantoro	STAF ADM PELAYANAN	II/d	R. CVCU JANTUNG
Margaretha Rim Sabrina, S.E	STAF ADM PELAYANAN	IX	R. CVCU JANTUNG
Damai Yanti, A.Md	STAF ADM PELAYANAN	VII	R. ANAK
Kurnia Ari Ningtyas, S.KOM	STAF ADM PELAYANAN	IX	R. ANAK
Ratna Jumiati	STAF ADM PELAYANAN	II/b	R. ANAK
REBUDIN	STAF ADM PELAYANAN	II/b	R. ANAK
Rudiyanto	STAF ADM PELAYANAN	V	R. ANAK
HAIRUL DANAR LUPIANTO	STAF ADM PELAYANAN	II/a	R. ONKOLOGI TERPADU (KHEMOTERAPI)
Desri Yani	STAF ADM PELAYANAN	I	R. ONKOLOGI TERPADU (KHEMOTERAPI)
Femi Eliyana	STAF ADM PELAYANAN	I	R. ONKOLOGI TERPADU (KHEMOTERAPI)
RISKA EVITA SARI, S.Kep	STAF ADM PELAYANAN	IX	R. ONKOLOGI TERPADU (KHEMOTERAPI)
ANNUR WULANDARI J, S.Ti	STAF ADM PELAYANAN	IX	R. BEDAH
BENNY SETIAWAN, SE	STAF ADM PELAYANAN	IX	R. BEDAH
Rosimah	STAF ADM PELAYANAN	V	R. BEDAH
SUDI YANTI, SE	STAF ADM PELAYANAN	IX	R. BEDAH
Supandi	STAF ADM PELAYANAN	-	R. BEDAH
SUPARTI	STAF ADM PELAYANAN	V	INSTALASI RADIOLOGI
Yulia	STAF ADM PELAYANAN	III/a	R. BEDAH
ZULHANUDIN	STAF ADM PELAYANAN	V	R. BEDAH
Tirah	STAF ADM PELAYANAN	I	R. BEDAH
Setia Ningsih, S.KOM	STAF ADM PELAYANAN	IX	R. NEUROLOGI
Okto Suwarno	STAF ADM PELAYANAN	II/c	R. KEBIDANAN
ILHAM HOIRU NAZAR	STAF ADM PELAYANAN	V	R. KEBIDANAN
Badriyah	STAF ADM PELAYANAN	II/a	R. KEBIDANAN
Heri Sudibyo	STAF ADM PELAYANAN	V	R. PINERE
Mulyati	STAF ADM PELAYANAN	II/b	R. PINERE
Ahyani	STAF ADM PELAYANAN	V	R. PARU
Ayu Dwita Sari,S.KOM	STAF ADM PELAYANAN	IX	R. PARU
KURNIAWAN	STAF ADM PELAYANAN	V	R. PARU
Nur Kalsumasari	STAF ADM PELAYANAN	V	R. PARU
Nurlaili	STAF ADM PELAYANAN	II/c	R. PARU
Slamet	STAF ADM PELAYANAN	I	R. PBH LANTAI 2
Ida Kurnia	STAF ADM PELAYANAN	V	R. PBH LANTAI 2
Endang Wahyuningsih	STAF ADM PELAYANAN	II/d	R. PBH LANTAI 2
Abdul Muntholib	STAF ADM PELAYANAN	V	R. PBH LANTAI 2
Ahmad Rusman	STAF ADM PELAYANAN	I	R. PBH LANTAI 3
Fitri Martiana Sari, A.Md	STAF ADM PELAYANAN	VII	R. PBH LANTAI 4
Sahyudi	STAF ADM PELAYANAN	V	R. PBH LANTAI 4
ADE NANDATRI AGUSTIAWAN, S.Kom	STAF ADM PELAYANAN	IX	R. PENYAKIT DALAM INFEKSIUS
Hariyanto	STAF ADM PELAYANAN	II/a	R. PENYAKIT DALAM INFEKSIUS
Samsoni Andri	STAF ADM PELAYANAN	II/d	R. PENYAKIT DALAM INFEKSIUS
Evi Riana, S.S	STAF ADM PELAYANAN	-	R. PENYAKIT DALAM NON INFEKSIUS
MUDASIR	STAF ADM PELAYANAN	V	R. PENYAKIT DALAM NON INFEKSIUS
Vera Astuti, A.Md	STAF ADM PELAYANAN	VII	R. PENYAKIT DALAM NON INFEKSIUS
WAWAN HANAFI	STAF ADM PELAYANAN	V	R. PENYAKIT DALAM NON INFEKSIUS
Muzanni	STAF ADM PELAYANAN	II/d	R. PERINATOLOGI
Yunawati	STAF ADM PELAYANAN	V	R. PERINATOLOGI
Pri Rubiyah	STAF ADM PELAYANAN	II/d	R. PAV SUDHA NIRMALA A
YULI TRIYANTI	STAF ADM PELAYANAN	V	R. PAV SUDHA NIRMALA A
Heni Stevania Putri, S.A.P	STAF ADM PELAYANAN	IX	IGD
Agus Sumardi	STAF ADM PELAYANAN	II/c	R. PELAYANAN JANTUNG TERPADU KLINIS
Ernawati	STAF ADM PELAYANAN	III/a	R. PELAYANAN JANTUNG TERPADU KLINIS
Ngadimun	STAF ADM PELAYANAN	II/d	R. PELAYANAN JANTUNG TERPADU KLINIS
Yoan Silvia Tri Sulistiowati	STAF ADM PELAYANAN	III/a	R. PELAYANAN JANTUNG TERPADU KLINIS
YULIANTI	STAF ADM PELAYANAN	V	R. PELAYANAN JANTUNG TERPADU KLINIS
Andi Fitriansyah	STAF ADM PELAYANAN	V	INSTALASI HEMODIALISA
Apriyani	STAF ADM PELAYANAN	II/a	INSTALASI HEMODIALISA
Fonita Luti,SE	STAF ADM PELAYANAN	IX	INSTALASI HEMODIALISA
SUSILO	STAF ADM PELAYANAN	V	INSTALASI HEMODIALISA
Yuliana	STAF ADM PELAYANAN	II/c	INSTALASI HEMODIALISA
Nurmah	STAF ADM PELAYANAN	II/c	INSTALASI ENDOSCOPY
Risma, A.Md	STAF ADM PELAYANAN	VII	INSTALASI ENDOSCOPY
Bowo Novianto	STAF ADM PELAYANAN	II/b	INSTALASI RADIOTERAPI
Pramono,S.IP	STAF ADM PELAYANAN	III/b	INSTALASI RADIOTERAPI
SARNO	STAF ADM PELAYANAN	II/c	INSTALASI RADIOTERAPI
Suwanti, SE., MM	STAF ADM PELAYANAN	III/b	INSTALASI RADIOTERAPI
Yuli Rahmiyatun, SE	STAF ADM PELAYANAN	III/a	INSTALASI RADIOTERAPI
Idham Jonovian	STAF ADM PELAYANAN	II/d	INSTALASI MEDICAL CHECK UP
SYLVIA KOMALA SARI,SE	STAF ADM PELAYANAN	IX	INSTALASI MEDICAL CHECK UP
Amritua Manik	STAF ADM PELAYANAN	III/a	INSTALASI FORENSIK
Ciptadi	STAF ADM PELAYANAN	I/d	INSTALASI FORENSIK
Defin Alvionita	STAF ADM PELAYANAN	III/b	INSTALASI FORENSIK
Nuraetin	STAF ADM PELAYANAN	V	INSTALASI FORENSIK
Ratna Sari	STAF ADM PELAYANAN	V	INSTALASI FORENSIK
Rosidah	STAF ADM PELAYANAN	V	INSTALASI FORENSIK
Sahroni	STAF ADM PELAYANAN	V	INSTALASI FORENSIK
Sri Rahayu, A.Md	STAF ADM PELAYANAN	III/b	INSTALASI FORENSIK
Subriyadi	STAF ADM PELAYANAN	III/a	INSTALASI FORENSIK
Sunardo	STAF ADM PELAYANAN	V	INSTALASI FORENSIK
Suwarto	STAF ADM PELAYANAN	II/d	INSTALASI FORENSIK
AFRI YENI ARS	STAF ADM PELAYANAN	I/c	ADMISTRASI FARMASI
Alvon Novi Rumantir	STAF ADM PELAYANAN	V	ADMISTRASI FARMASI
Andar Rachmat Simangunsong	STAF ADM PELAYANAN	V	ADMISTRASI FARMASI
Dewi Karina	STAF ADM PELAYANAN	V	ADMISTRASI FARMASI
Dwi Lia Kesumawati	STAF ADM PELAYANAN	V	ADMISTRASI FARMASI
Emiyati	STAF ADM PELAYANAN	III/a	ADMISTRASI FARMASI
Ernawati, S.A.P	STAF ADM PELAYANAN	III/a	ADMISTRASI FARMASI
Herman Santosa	STAF ADM PELAYANAN	III/b	ADMISTRASI FARMASI
Iit Ferida Ulfa, S.Sos	STAF ADM PELAYANAN	IX	ADMISTRASI FARMASI
Kevin Apready	STAF ADM PELAYANAN	V	ADMISTRASI FARMASI
Khando Mangapul, A.L.S	STAF ADM PELAYANAN	V	ADMISTRASI FARMASI
Lasari	STAF ADM PELAYANAN	III/a	ADMISTRASI FARMASI
Lely Yuliana	STAF ADM PELAYANAN	V	ADMISTRASI FARMASI
Martha Sunarlia	STAF ADM PELAYANAN	V	ADMISTRASI FARMASI
Misra Dewi	STAF ADM PELAYANAN	V	ADMISTRASI FARMASI
Rina Wati	STAF ADM PELAYANAN	V	ADMISTRASI FARMASI
Rohmafia Zianti, A.Md	STAF ADM PELAYANAN	VII	ADMISTRASI FARMASI
Sabari	STAF ADM PELAYANAN	III/a	ADMISTRASI FARMASI
Sandra Septiana	STAF ADM PELAYANAN	V	ADMISTRASI FARMASI
Sanim	STAF ADM PELAYANAN	III/a	ADMISTRASI FARMASI
Siti Maknawiyah	STAF ADM PELAYANAN	III/a	ADMISTRASI FARMASI
Syarifah Aini	STAF ADM PELAYANAN	III/a	ADMISTRASI FARMASI
Triyogo Lonowidodo	STAF ADM PELAYANAN	I/d	ADMISTRASI FARMASI
Wiwin Erika Putri	STAF ADM PELAYANAN	V	ADMISTRASI FARMASI
Yana Hilal, SE	STAF ADM PELAYANAN	IX	ADMISTRASI FARMASI
Yuli Karyanto, A.Md	STAF ADM PELAYANAN	VII	ADMISTRASI FARMASI
Zubaidah Achmad	STAF ADM PELAYANAN	III/a	ADMISTRASI FARMASI
Abadi	STAF ADM PELAYANAN	III/b	INSTALASI CSSD
Apriandri	STAF ADM PELAYANAN	II/c	INSTALASI CSSD
Eko Haryanto S.	STAF ADM PELAYANAN	II/d	INSTALASI CSSD
Mahmudin	STAF ADM PELAYANAN	III/a	INSTALASI CSSD
Nita Retnosari, S.M	STAF ADM PELAYANAN	III/b	INSTALASI CSSD
Riyanti	STAF ADM PELAYANAN	II/c	INSTALASI CSSD
Helmi Zulfikri	STAF ADM PELAYANAN	II/c	INSTALASI PATOLOGI ANATOMI
Khoetijah, S.Kom	STAF ADM PELAYANAN	III/c	INSTALASI PATOLOGI ANATOMI
Andika Carsya Nafebra, S.KOM	STAF ADM PELAYANAN	IX	INSTALASI LAB PATOLOGI KLINIK
Dewi Supriyanti, A.Md.KL	STAF ADM PELAYANAN	VII	INSTALASI LAB PATOLOGI KLINIK
DICKY SETYO WIBOWO, A.Md	STAF ADM PELAYANAN	VII	INSTALASI LAB PATOLOGI KLINIK
Herman	STAF ADM PELAYANAN	III/a	INSTALASI LAB PATOLOGI KLINIK
Purwanto	STAF ADM PELAYANAN	II/b	INSTALASI LAB PATOLOGI KLINIK
Rida Hasyati, SH	STAF ADM PELAYANAN	IX	INSTALASI EDP-TI
SUPRIYADI	STAF ADM PELAYANAN	V	INSTALASI LAB PATOLOGI KLINIK
Alfiatun	STAF ADM PELAYANAN	II/b	INSTALASI GIZI
Dewi Elmas, A.Md	STAF ADM PELAYANAN	-	INSTALASI GIZI
Dwi Susilowati	STAF ADM PELAYANAN	V	INSTALASI GIZI
Enggin Mu'arli	STAF ADM PELAYANAN	II/d	INSTALASI GIZI
Enni Setyastuti	STAF ADM PELAYANAN	V	INSTALASI GIZI
Evi Erjanti	STAF ADM PELAYANAN	V	INSTALASI GIZI
Hairiah Samhasa	STAF ADM PELAYANAN	V	INSTALASI GIZI
Mulyono	STAF ADM PELAYANAN	II/a	INSTALASI GIZI
Nawo Santoso	STAF ADM PELAYANAN	III/a	INSTALASI GIZI
Ngadiman	STAF ADM PELAYANAN	II/a	INSTALASI GIZI
Rakhmawati Basyrie	STAF ADM PELAYANAN	V	INSTALASI GIZI
Rohmadi	STAF ADM PELAYANAN	II/C	INSTALASI GIZI
SEPRIDAYANI	STAF ADM PELAYANAN	V	INSTALASI GIZI
Siti Margini	STAF ADM PELAYANAN	III/a	INSTALASI GIZI
Siti Murni	STAF ADM PELAYANAN	II/b	INSTALASI GIZI
Sri Lestari	STAF ADM PELAYANAN	II/C	INSTALASI GIZI
SUPRIYATI	STAF ADM PELAYANAN	I	INSTALASI GIZI
Umi Peni Sayekti	STAF ADM PELAYANAN	III/a	INSTALASI GIZI
Untung Suryadi	STAF ADM PELAYANAN	II/c	INSTALASI GIZI
Verizal	STAF ADM PELAYANAN	II/c	INSTALASI GIZI
Wiwik Sundari	STAF ADM PELAYANAN	III/a	INSTALASI GIZI
Yusnidar Saleh, A.Md.KL	STAF ADM PELAYANAN	III/c	INSTALASI GIZI
Neneng Nuriyani	STAF ADM PELAYANAN	V	INSTALASI RADIOLOGI
Rostina	STAF ADM PELAYANAN	V	INSTALASI RADIOLOGI
Suparyati	STAF ADM PELAYANAN	II/b	INSTALASI RADIOLOGI
Abdullah	STAF ADM PELAYANAN	I/c	INSTALASI KESEHATAN LINGKUNGAN
Epriyono	STAF ADM PELAYANAN	II/b	INSTALASI KESEHATAN LINGKUNGAN
Jainudin	STAF ADM PELAYANAN	III/a	INSTALASI KESEHATAN LINGKUNGAN
Margono	STAF ADM PELAYANAN	II/b	INSTALASI KESEHATAN LINGKUNGAN
Meryansyah	STAF ADM PELAYANAN	II/b	INSTALASI KESEHATAN LINGKUNGAN
Miswanto	STAF ADM PELAYANAN	II/c	INSTALASI LOUNDRY
NANDA RAMDANI	STAF ADM PELAYANAN	V	INSTALASI KESEHATAN LINGKUNGAN
Panut	STAF ADM PELAYANAN	I	INSTALASI KESEHATAN LINGKUNGAN
Prio Widodo	STAF ADM PELAYANAN	III/a	INSTALASI KESEHATAN LINGKUNGAN
Ridwan Subekti	STAF ADM PELAYANAN	II/c	INSTALASI KESEHATAN LINGKUNGAN
Sodik Rahmat Santoso	STAF ADM PELAYANAN	III/a	INSTALASI KESEHATAN LINGKUNGAN
Sugiono	STAF ADM PELAYANAN	I	INSTALASI KESEHATAN LINGKUNGAN
Suwarno	STAF ADM PELAYANAN	II/c	INSTALASI KESEHATAN LINGKUNGAN
Tumidi	STAF ADM PELAYANAN	III/a	INSTALASI LOUNDRY
Ernani	STAF ADM PELAYANAN	III/a	INSTALASI REHABILITASI MEDIK
Putri Amelia Amanda, A.Md.Kom	STAF ADM PELAYANAN	VII	INSTALASI REHABILITASI MEDIK
Putri Husnul Chotimah	STAF ADM PELAYANAN	V	R. EKSEKUTIF
Rani Syahfitri,SE	STAF ADM PELAYANAN	IX	R. EKSEKUTIF
Rudi Hartono	STAF ADM PELAYANAN	II/d	R. EKSEKUTIF
Sari Yuli Yarti	STAF ADM PELAYANAN	V	R. EKSEKUTIF
Agus Riyanto	STAF ADM PELAYANAN	III/a	UNIT KESEHATAN DAN KESELAMATAN KERJA (K3
Leni Aprianti	STAF ADM PELAYANAN	II/c	UNIT KESEHATAN DAN KESELAMATAN KERJA (K3
Rachmat Setiawan	STAF ADM PELAYANAN	III/a	UNIT KESEHATAN DAN KESELAMATAN KERJA (K3
Samsul	STAF ADM PELAYANAN	III/a	UNIT KESEHATAN DAN KESELAMATAN KERJA (K3
ANDI PURNOMO	STAF ADM PELAYANAN	I/c	INSTALASI LOUNDRY
Berlian	STAF ADM PELAYANAN	II/d	INSTALASI LOUNDRY
Dionisius Pramudi	STAF ADM PELAYANAN	II/d	INSTALASI LOUNDRY
Hapsah	STAF ADM PELAYANAN	II/b	INSTALASI LOUNDRY
Hendratno	STAF ADM PELAYANAN	V	INSTALASI LOUNDRY
Holiyah Alay Drus	STAF ADM PELAYANAN	I	INSTALASI LOUNDRY
Mad Duni	STAF ADM PELAYANAN	II/c	INSTALASI LOUNDRY
Mardiono	STAF ADM PELAYANAN	V	INSTALASI LOUNDRY
Milla Baity	STAF ADM PELAYANAN	III/c	INSTALASI LOUNDRY
Muji Triono N.S	STAF ADM PELAYANAN	V	INSTALASI LOUNDRY
Pratiwi	STAF ADM PELAYANAN	II/b	INSTALASI LOUNDRY
Rusmaeni Trisiana, Amd. Farm	STAF ADM PELAYANAN	III/c	INSTALASI LOUNDRY
Suryanto	STAF ADM PELAYANAN	V	INSTALASI LOUNDRY
Trisnani	STAF ADM PELAYANAN	II/b	INSTALASI LOUNDRY
Tumini	STAF ADM PELAYANAN	II/a	INSTALASI LOUNDRY
Zaela Diana	STAF ADM PELAYANAN	III/b	INSTALASI LOUNDRY
Rakhmad Nur Ramadhan MP, A.Md	STAF ADM PELAYANAN	VII	UNIT TRANSFUSI DARAH (UTD-RS)
Rizka Yuliana Wulansari	STAF ADM PELAYANAN	V	IGD
Emmy Herlina, SKM.,M.kes	STAF ADM PELAYANAN	III/b	UNIT TRANSFUSI DARAH (UTD-RS)
Abu Bakar, SH	STAF ADM UMUM	III/c	SUB BAG PERBEND & MOBILISASI DANA
Ahmad Hamdi	STAF ADM UMUM	III/a	SUB BAG PERBEND & MOBILISASI DANA
ANNA RIKA SUSANTI, S.E.	STAF ADM UMUM	III/c	SUB BAG PERBEND & MOBILISASI DANA
Ansori, SE.,MM	STAF ADM UMUM	III/b	SUB BAG PERBEND & MOBILISASI DANA
Asni Noviani	STAF ADM UMUM	III/a	SUB BAG PERBEND & MOBILISASI DANA
DEWI SARTIKA, S.E	STAF ADM UMUM	III/c	SUB BAG PERBEND & MOBILISASI DANA
DIANA KESUMA, SE, MM	STAF ADM UMUM	III/d	SUB BAG PERBEND & MOBILISASI DANA
Ilham	STAF ADM UMUM	III/a	SUB BAG PERBEND & MOBILISASI DANA
Muhtar Gazali Amd.Kep	STAF ADM UMUM	III/b	SUB BAG PERBEND & MOBILISASI DANA
NEILSONDA MIKA, S.E	STAF ADM UMUM	IX	SUB BAG PERBEND & MOBILISASI DANA
Noviyanti	STAF ADM UMUM	III/a	SUB BAG PERBEND & MOBILISASI DANA
Rina Nita	STAF ADM UMUM	III/a	SUB BAG PERBEND & MOBILISASI DANA
Rodiah Dwi Swartati	STAF ADM UMUM	IX	SUB BAG PERBEND & MOBILISASI DANA
Supriyani, SE	STAF ADM UMUM	III/b	SUB BAG PERBEND & MOBILISASI DANA
Sya'ari Hamdan, SE	STAF ADM UMUM	III/c	SUB BAG PERBEND & MOBILISASI DANA
Syamsudin, S.IP	STAF ADM UMUM	III/b	SUB BAG PERBEND & MOBILISASI DANA
Wiwik Widayanti, S.IP	STAF ADM UMUM	III/b	SUB BAG PERBEND & MOBILISASI DANA
Elma Wahyudi, SE., MM	STAF ADM UMUM	III/d	SUB BAG AKUNTANSI & VERIFIKASI
Ema Hermalena, SE, MM	STAF ADM UMUM	III/d	SUB BAG AKUNTANSI & VERIFIKASI
Murendy, S.E	STAF ADM UMUM	III/d	SUB BAG AKUNTANSI & VERIFIKASI
SUSIANI, A.MD	STAF ADM UMUM	III/a	SUB BAG PERBEND & MOBILISASI DANA
Zulfiana, S.Pd	STAF ADM UMUM	IX	SUB BAG AKUNTANSI & VERIFIKASI
Evy Eka Yulianti, S.Psi	STAF ADM UMUM	III/d	SUB BAG PENYUSUNAN PELAPORAN & ANGG
Febriana R, SKM.,M.Kes	STAF ADM UMUM	IV/a	SUB BAG PENYUSUNAN PELAPORAN & ANGG
Mariya Sari	STAF ADM UMUM	III/a	SUB BAG PENYUSUNAN PELAPORAN & ANGG
NIA RAHMA FITRI, SE	STAF ADM UMUM	IX	SUB BAG PENYUSUNAN PELAPORAN & ANGG
Rahma Pembayun, SKM	STAF ADM UMUM	III/d	SUB BAG PENYUSUNAN PELAPORAN & ANGG
Andi Setyawan, A.Md	STAF ADM UMUM	VII	SUB BAGIAN REKAM MEDIK
Aswan	STAF ADM UMUM	II/a	SUB BAGIAN REKAM MEDIK
DELVIANI	STAF ADM UMUM	V	SUB BAGIAN REKAM MEDIK
Dewi Susana, A.Md	STAF ADM UMUM	VII	SUB BAGIAN REKAM MEDIK
EFIANI	STAF ADM UMUM	V	SUB BAGIAN REKAM MEDIK
Emi Suryani	STAF ADM UMUM	V	SUB BAGIAN REKAM MEDIK
Evi Maryani, S.I.Kom	STAF ADM UMUM	III/a	SUB BAGIAN REKAM MEDIK
Heryani, S.I.Kom	STAF ADM UMUM	III/a	R. PBH LANTAI 3
Kartikawaty M	STAF ADM UMUM	V	SUB BAGIAN REKAM MEDIK
Liana Citra, SE	STAF ADM UMUM	IX	SUB BAGIAN REKAM MEDIK
Mei Kustiyowati, SE	STAF ADM UMUM	IX	SUB BAGIAN REKAM MEDIK
MERIYANI, A.Md.Kom	STAF ADM UMUM	VII	SUB BAGIAN REKAM MEDIK
META RIA, S.PD	STAF ADM UMUM	IX	SUB BAGIAN REKAM MEDIK
MUHAEMIN, A.Md	STAF ADM UMUM	VII	SUB BAGIAN REKAM MEDIK
MUHAIMIN	STAF ADM UMUM	V	INSTALASI DIKLAT
Nilam Nopiyani	STAF ADM UMUM	III/a	SUB BAGIAN REKAM MEDIK
Novarida,SE	STAF ADM UMUM	IX	SUB BAGIAN REKAM MEDIK
NURWANA, SE	STAF ADM UMUM	IX	SUB BAGIAN REKAM MEDIK
Rohimi	STAF ADM UMUM	II/d	SUB BAGIAN REKAM MEDIK
Rusli Efendi	STAF ADM UMUM	V	SUB BAGIAN REKAM MEDIK
SHINTA DAMAYANTI	STAF ADM UMUM	V	SUB BAGIAN REKAM MEDIK
Suryati	STAF ADM UMUM	III/a	SUB BAGIAN REKAM MEDIK
WORO TRIANI, SE	STAF ADM UMUM	IX	SUB BAGIAN REKAM MEDIK
Yulistyowati	STAF ADM UMUM	III/b	SUB BAGIAN REKAM MEDIK
YUNI EKA SARI	STAF ADM UMUM	V	SUB BAGIAN REKAM MEDIK
Yunita Fitriani, SKM	STAF ADM UMUM	III/b	SUB BAGIAN REKAM MEDIK
YUNITA SEPTIANA	STAF ADM UMUM	V	SUB BAGIAN REKAM MEDIK
AIRA MONICA MIRZA, A.Md.Keb	STAF ADM UMUM	VII	SUB BAG PEMASARAN, PENGELOLA  INFO PUBLIK
Hadi Saputra	STAF ADM UMUM	V	SUB BAG PEMASARAN, PENGELOLA  INFO PUBLIK
Hasanusi	STAF ADM UMUM	II/c	SUB BAG PEMASARAN, PENGELOLA  INFO PUBLIK
Anggi Saputra	STAF ADM UMUM	V	SUB BAG UMUM
Desi Ariyanti, SKM	STAF ADM UMUM	III/d	SUB BAG UMUM
DESWANDI IRAWAN, S.P	STAF ADM UMUM	IX	SUB BAG UMUM
EDY KURNIA GUSTIYAN, SE., MM	STAF ADM UMUM	IV/a	SUB BAG UMUM
HALIYA SYIFA,SE, MM	STAF ADM UMUM	IV/a	SUB BAG UMUM
Hanivah Tri Handayani, S.E	STAF ADM UMUM	III/b	INSTALASI AMBULANCE DAN MOBIL JENAZAH
JONI KURNIAWAN, SH	STAF ADM UMUM	IX	SUB BAG UMUM
Nita Dhamayanthy, S Sos	STAF ADM UMUM	III/d	SUB BAG UMUM
Riana Nurafni Novita, SE	STAF ADM UMUM	IX	SUB BAG UMUM
Ratna Dewi Ria 	STAF ADM UMUM	IV/a	KOMITE MEDIK
SIRAJUDDIN	STAF ADM UMUM	V	SUB BAG UMUM
Suratno	STAF ADM UMUM	II/a	SUB BAG UMUM
Suyatno	STAF ADM UMUM	II/d	SUB BAG UMUM
YOKE TIARA, S.Pd	STAF ADM UMUM	IX	PUSAT KRISIS DAN DATA KESEHATAN
Ahmad Pandji Yudha	STAF ADM UMUM	II/c	SUB BAG RT/PERLENGKAPAN
Budi Winarno	STAF ADM UMUM	II/b	SUB BAG RT/PERLENGKAPAN
Revy Susi Maryanti, S.Si	STAF ADM UMUM	IX	SUB BAG RT/PERLENGKAPAN
Sulastri	STAF ADM UMUM	III/a	SUB BAG RT/PERLENGKAPAN
Tiwinarti, S.Sos	STAF ADM UMUM	III/d	SUB BAG RT/PERLENGKAPAN
Yulina Sofia, S.M	STAF ADM UMUM	III/b	SUB BAG RT/PERLENGKAPAN
Ary Susiyanti, SE	STAF ADM UMUM	III/d	SUB BAG KEPEGAWAIAN
AWALIATUL KHOIROH	STAF ADM UMUM	V	SUB BAG KEPEGAWAIAN
DINNY PERDANA, S.IP	STAF ADM UMUM	IX	SUB BAG KEPEGAWAIAN
Fatrullibramsah, SAP	STAF ADM UMUM	III/a	SUB BAG KEPEGAWAIAN
Muhayati	STAF ADM UMUM	V	SUB BAG KEPEGAWAIAN
RACHMAD RAINGGUAN T, S.Psi	STAF ADM UMUM	-	SUB BAG KEPEGAWAIAN
Santi Febtina	STAF ADM UMUM	V	SUB BAG KEPEGAWAIAN
SEPTIYANI, A.MD.KG	STAF ADM UMUM	III/b	SUB BAG KEPEGAWAIAN
M. AMIRUDIN, Amd.Kep	STAF ADM UMUM	VII	SUB BIDANG MUTU PELAYANAN KEPERAWATAN
Mei Ferani, S.IP	STAF ADM UMUM	III/a	SUB BIDANG MUTU PELAYANAN KEPERAWATAN
Ns. Melinda Leona, S.Kep	STAF ADM UMUM	III/d	SUB BIDANG MUTU PELAYANAN KEPERAWATAN
BAMBANG HERWANTO, Amd.Kep	Nakes	VII	INSTALASI BEDAH SENTRAL
FATRISIA KOFA, A.MD KEB	STAF ADM UMUM	III/a	SUB BIDANG SUMBER DAYA PELAYANAN KEP
HETI SEPTINUR, Amd.Keb	STAF ADM UMUM	VII	SUB BIDANG SUMBER DAYA PELAYANAN KEP
Novi Lestari, A.Md. Kep	STAF ADM UMUM	III/b	SUB BIDANG SUMBER DAYA PELAYANAN KEP
Bayu Dimas Satria	STAF ADM UMUM	V	SUB BIDANG SUMBER DAYA PELAYANAN MEDIK
Desmalia	STAF ADM UMUM	V	SUB BIDANG SUMBER DAYA PELAYANAN MEDIK
Ekawati M, SKM	STAF ADM UMUM	III/d	SUB BIDANG SUMBER DAYA PELAYANAN MEDIK
HERU PURNOMO, S.E	STAF ADM UMUM	III/c	SUB BIDANG SUMBER DAYA PELAYANAN MEDIK
Indah Suryahati, SE	STAF ADM UMUM	IX	SUB BIDANG MUTU PELAYANAN MEDIK
VERNAWATI, S.E	STAF ADM UMUM	IX	SUB BIDANG MUTU PELAYANAN MEDIK
MURNI SUKARYANTI, A.Md	STAF ADM UMUM	VII	SUB BIDANG PERBEKALAN KESEHATAN
Virdina Rosari, SE	STAF ADM UMUM	III/b	SUB BIDANG PERBEKALAN KESEHATAN
WIDODO	STAF ADM UMUM	III/c	SUB BIDANG PERBEKALAN KESEHATAN
Eka Darmawati, S.Sos	STAF ADM UMUM	III/d	SUB BIDANG PERBEKALAN FARMASI
VIVIN GINA BINARTIN, A.Md	STAF ADM UMUM	VII	SUB BIDANG PERBEKALAN FARMASI
WULANDARI, S.Pi	STAF ADM UMUM	IX	SUB BIDANG PERBEKALAN FARMASI
Dewi Elmasari	STAF ADM UMUM	II/d	SUB BIDANG PENGEMB. MEDIK & KEPERAWATAN
ELSITA HAFIZHA SUHAILI,S.Tr. Keb	STAF ADM UMUM	IX	SUB BIDANG PENGEMB. MEDIK & KEPERAWATAN
FATMA KIRANA, SE, MM	STAF ADM UMUM	IX	SUB BIDANG PENGEMB. MEDIK & KEPERAWATAN
RIA PUTRI SANJAYA, S.K.M	STAF ADM UMUM	IX	SUB BIDANG PENGEMB. MEDIK & KEPERAWATAN
Junaidi Abdullah	STAF ADM UMUM	I	SUB BIDANG PENGEMB. TENAGA KESEHATAN
Ridwansyah	STAF ADM UMUM	III/b	SUB BIDANG PENGEMB. TENAGA KESEHATAN
YOSI PRATAMA MURITA, Amd.Keb	STAF ADM UMUM	VII	SUB BIDANG PENGEMB. TENAGA KESEHATAN
Donni Ferdinan S.I.Kom	STAF ADM UMUM	IX	SUB BIDANG HUKUM & PERLINDUNGAN SDM
RETIAS DEWI JAYANTI, S.Kep, MH	STAF ADM UMUM	III/b	SUB BAG PERBEND & MOBILISASI DANA
SOFRIYANI, S.E	STAF ADM UMUM	IX	SUB BIDANG HUKUM & PERLINDUNGAN SDM
Feri Febriyanti	STAF ADM UMUM	V	SUB BIDANG KERJASAMA ANTAR LEMBAGA
Siti Novalda Rigayo, S.H	STAF ADM UMUM	IX	SUB BIDANG KERJASAMA ANTAR LEMBAGA
Ana Rosyana, S.IP	STAF ADM UMUM	III/b	INSTALASI AMBULANCE DAN MOBIL JENAZAH
Dedi Sutono	STAF ADM UMUM	II/c	INSTALASI AMBULANCE DAN MOBIL JENAZAH
Rudi Irwanto	STAF ADM UMUM	I/d	INSTALASI AMBULANCE DAN MOBIL JENAZAH
Asep Wahyudi, S.Kom	STAF ADM UMUM	IX	INSTALASI DIKLAT
Eko Zahroni	STAF ADM UMUM	V	INSTALASI DIKLAT
Jamaludin	STAF ADM UMUM	V	INSTALASI DIKLAT
LUSI YULIYANTI, S.Kep.,M.Kes	STAF ADM UMUM	IV/a	INSTALASI DIKLAT
M. WAHYU IKHLASUL AMAL	STAF ADM UMUM	V	INSTALASI DIKLAT
Miyana, S.E.	STAF ADM UMUM	III/b	INSTALASI DIKLAT
Muhamad Yusuf	STAF ADM UMUM	V	INSTALASI DIKLAT
Ratna Andriani, SE	STAF ADM UMUM	III/c	INSTALASI DIKLAT
Sarmiatun S.IP	STAF ADM UMUM	III/b	INSTALASI DIKLAT
DEVI SARDIRIKA, A.Md	STAF ADM UMUM	-	INSTALASI GAS MEDIK
FERIKO ZORIAN, S. Kom	STAF ADM UMUM	III/d	INSTALASI GAS MEDIK
Lasimin	STAF ADM UMUM	II/c	INSTALASI GAS MEDIK
Maryono	STAF ADM UMUM	I	INSTALASI GAS MEDIK
SAHADI	STAF ADM UMUM	V	INSTALASI GAS MEDIK
Akhmad Faruk, ST	STAF ADM UMUM	III/b	INSTALASI PEMELIHARAAN SARANA
Amin Suprapto	STAF ADM UMUM	III/a	INSTALASI PEMELIHARAAN SARANA
Andi Erwandi	STAF ADM UMUM	V	INSTALASI PEMELIHARAAN SARANA
Ardi Waluyo, A.Md	STAF ADM UMUM	VII	INSTALASI PEMELIHARAAN SARANA
Aris Budiono	STAF ADM UMUM	III/a	INSTALASI KESEHATAN LINGKUNGAN
Ary Yanuardi	STAF ADM UMUM	III/a	INSTALASI PEMELIHARAAN SARANA
CICIH JUWARSIH, S.ST	STAF ADM UMUM	III/d	INSTALASI PEMELIHARAAN SARANA
Deddy Cahyadi, S.KOM	STAF ADM UMUM	IX	INSTALASI PEMELIHARAAN PERALATAN MEDIS
HERMAN B	STAF ADM UMUM	III/a	INSTALASI PEMELIHARAAN SARANA
Jeki Saputra	STAF ADM UMUM	V	SUB BAG RT/PERLENGKAPAN
Muhammad Ali Faisol	STAF ADM UMUM	III/a	INSTALASI PEMELIHARAAN SARANA
Novieta Eriyani, A.Md	STAF ADM UMUM	VII	INSTALASI PEMELIHARAAN SARANA
R. Sofyan Wahyudi,SE	STAF ADM UMUM	III/b	INSTALASI PEMELIHARAAN SARANA
Rabiman	STAF ADM UMUM	V	INSTALASI PEMELIHARAAN SARANA
Rolius Permadi	STAF ADM UMUM	V	SUB BAG PEMASARAN, PENGELOLA  INFO PUBLIK
Seprizon	STAF ADM UMUM	III/a	SUB BAG RT/PERLENGKAPAN
SLAMET RIYADI	STAF ADM UMUM	V	INSTALASI PEMELIHARAAN SARANA
Suprihatin	STAF ADM UMUM	III/a	INSTALASI PEMELIHARAAN SARANA
SUPRIYADI	STAF ADM UMUM	V	INSTALASI PEMELIHARAAN SARANA
Suratno	STAF ADM UMUM	II/c	INSTALASI PEMELIHARAAN SARANA
SUSI SUSANTI, S.KOM	STAF ADM UMUM	IX	SUB BIDANG MUTU PELAYANAN KEPERAWATAN
BIRGITA CLAUDIA WIDYANINGTYAS	STAF ADM UMUM	V	KOMITE PENINGKATAN MUTU & KESELAMATAN
Ridwan Hartono,S.Kep, MM	STAF ADM UMUM	IV/a	KOMITE PENINGKATAN MUTU & KESELAMATAN
Nuria Triyani	STAF ADM UMUM	III/a	SUB BAG UMUM
Yushendri Ali Subing	STAF ADM UMUM	III/a	INSTALASI LOUNDRY
Ns.Bambang Hermanto, S.Kep., M.M	STAF ADM UMUM	IV/a	SPI
RAHMAT FRISMANSYAH,A.MD. KEP	STAF ADM UMUM	III/a	SPI
AGUSTINI, A.Md	STAF ADM UMUM	VII	BPJS
ARIF KURNIAWAN, SE	STAF ADM UMUM	IX	BPJS
Endy Erwan Sakti, S.E	STAF ADM UMUM	IX	BPJS
Erina	STAF ADM UMUM	V	BPJS
ERY SANJAYA, S.KEP, M.Kes	STAF ADM UMUM	III/c	BPJS
Fitri Anggraeni,S.Pd	STAF ADM UMUM	IX	BPJS
Lekat Azwan, A.Md	STAF ADM UMUM	VII	BPJS
M. Ekky Zulkaisar CN, SE	STAF ADM UMUM	IX	SUB BAG PERBEND & MOBILISASI DANA
RAISA RAHMAWATI, S.S.T	STAF ADM UMUM	IX	BPJS
RESKI FERNANDA, A.Md	STAF ADM UMUM	VII	BPJS
RICO DAPRIYUSDA, A.Md	STAF ADM UMUM	VII	BPJS
RIDUANSYAH	STAF ADM UMUM	V	BPJS
SRI SURYANI	STAF ADM UMUM	V	BPJS
VARAH LADYSTI, S.E	STAF ADM UMUM	IX	BPJS
WINDA JULIAN SARI, A.Md.Keb	STAF ADM UMUM	VII	BPJS
YUISMANIAR, A.MD.KEP	STAF ADM UMUM	III/c	BPJS
Ariyanti, S.Kom	STAF ADM UMUM	IX	INSTALASI EDP-TI
Cito Dewan Priarto, S.Kom	STAF ADM UMUM	-	INSTALASI EDP-TI
Danang Sukolaksono, S.Kom	STAF ADM UMUM	-	INSTALASI EDP-TI
Evie Susina, A.Md	STAF ADM UMUM	VII	INSTALASI EDP-TI
Febri Yoga, S.Kom	STAF ADM UMUM	IX	INSTALASI EDP-TI
Fitri Krisyanti, S.Kom	STAF ADM UMUM	IX	INSTALASI EDP-TI
LETISIA SUHANDRA, S.KOM	STAF ADM UMUM	IX	INSTALASI EDP-TI
Muhammad Faisal Adila, A.Md	STAF ADM UMUM	VII	INSTALASI EDP-TI
ROBIN B. ARITONANG,S.KOM	STAF ADM UMUM	IX	INSTALASI EDP-TI
Tutik Faryani,S.Kom	STAF ADM UMUM	IX	INSTALASI EDP-TI
WANSEHA, S. KOM	STAF ADM UMUM	IX	INSTALASI EDP-TI
Widiyanto, S.Kom	STAF ADM UMUM	IX	INSTALASI EDP-TI
Annisa Bayu Rini,S.IP	STAF ADM UMUM	III/b	SUB BAG AKUNTANSI & VERIFIKASI
Budi Handoko	STAF ADM UMUM	III/a	SUB BAG RT/PERLENGKAPAN
Siti Apriliani, S.Kom	STAF ADM UMUM	III/b	SUB BAG RT/PERLENGKAPAN
Suliono	STAF ADM UMUM	III/a	SUB BAG RT/PERLENGKAPAN
AHMAD JAZULI, A.MD.KEP	STAF ADM UMUM	III/b	KOMITE KEPERAWATAN
Maulida Zahra,SKM	STAF ADM UMUM	III/d	KOMITE MEDIK
DINA ARILIA, SKM	Nakes	IX	INSTALASI PROMOSI KESEHATAN RS (PKRS)
RIKA TRISNAWATI, SKM	Nakes	IX	INSTALASI PROMOSI KESEHATAN RS (PKRS)
Darminto, S.Kep	Nakes	III/b	R. PBH LANTAI 1
DELFI, S.ST	Nakes	IV/c	R. EKSEKUTIF
Idha Kurniawati A, A.Md.F	Nakes	III/b	INSTALASI REHABILITASI MEDIK
Ns. Almizi Usman, S.Kep	Nakes	IV/a	INSTALASI BEDAH SENTRAL
Ns. Arismiatini, S.Kep	Nakes	IV/a	INSTALASI BEDAH SENTRAL
Ns. DESNARITA, S.Kep	Nakes	III/d	INSTALASI ANESTESI
Ns. ELSE YUSIANI, S.Kep	Nakes	III/d	R. PBH LANTAI 1
Ns. Maryati, S.Kep	Nakes	IV/c	INSTALASI HEMODIALISA
Ns. TITIN MARDIANA, S.Kep	Nakes	III/b	R. EKSEKUTIF
AMALIA, S.Kep., M.Kes	Nakes	IV/a	IRJ
Antika Palupi, Amd.Kep	Nakes	III/a	R. EKSEKUTIF
Bdn. Nani Hernani, S.ST., M.Kes	Nakes	IV/c	R. KEBIDANAN
CINDY HANDISAS ZULAN M,S.Tr.Kes	Nakes	III/b	UNIT TRANSFUSI DARAH (UTD-RS)
FITRI APIATI, S.ST	Nakes	IV/c	INSTALASI LAB PATOLOGI KLINIK
Irmalia, A.Md.Kep	Nakes	III/b	R. PINERE
ISTIAWAN, A.MD.AK	Nakes	II/d	INSTALASI LAB PATOLOGI KLINIK
Ns. Endah Tri Rahayu, S.Kep	Nakes	III/d	R. NEUROLOGI
Ns. FITRIANI, S.Kep	Nakes	III/d	R. ONKOLOGI TERPADU (KHEMOTERAPI)
Ns. Herlina, S.Kep	Nakes	IV/c	IRJ
Ns. M. Rusli, S.Kep	Nakes	III/c	R. PINERE
Ns. Maria Magdalena K, S.Kep	Nakes	IV/c	R. PENYAKIT DALAM INFEKSIUS
Ns. Muhammad Ariadi R, S. Kep	Nakes	III/b	R. PENYAKIT DALAM INFEKSIUS
Ns. Nimas Ellin Mayasari, S.Kep	Nakes	III/d	ICU / ICCU / PICU
Ns. SITI MASYITOH, S.Kep	Nakes	IV/b	R. PELAYANAN JANTUNG TERPADU KLINIS
Ns. TARMAN, S.Kep	Nakes	IV/b	INSTALASI HEMODIALISA
Ns. TITIN HANDAYANI, S.Kep	Nakes	III/d	R. ANAK
Ns. Umi Zahrok, S.Kep	Nakes	IV/c	R. MATA
Ns. YULI SANDRA, S.Kep	Nakes	III/c	R. NEUROLOGI
Ns. JULITA SITEPU,S.Kep	Nakes	III/b	R. BEDAH
Sri Hastari, S.Kep	Nakes	IV/c	R. PBH LANTAI 3
Sunardi, A.Md.Kep	Nakes	III/b	ICU / ICCU / PICU
Ns. Ersa Junika Yenty, S.Kep	Nakes	III/b	PPI RS
Ns. Lusiana, S.Kep	Nakes	IV/b	PPI RS
Ns. M. IRHAS SAID, Sp.Kep.M.B	Nakes	III/d	PPI RS
Ns. Meni Kurniasih, S.Kep	Nakes	IV/c	PPI RS
Ns. Selviana Nisar, S.Kep	Nakes	III/c	PPI RS
Anita Carolina, Amd.Kep	Nakes	III/a	IRJ
APRIDA HILAL	Nakes	II/d	IRJ
Dahniar, A.Md.Kep	Nakes	III/d	IRJ
DWI RUMIYANTI, Amd. TG	Nakes	VII	IRJ
Eldaduwiguna, S.Kep	Nakes	III/a	R. PELAYANAN JANTUNG TERPADU KLINIS
Endang Sumarni, A.Md. kep	Nakes	III/d	IRJ
Erna Mutiawati, A.Md.Kep	Nakes	III/b	IRJ
FENSIANA MUTIA, Amd. TG	Nakes	VII	IRJ
GILAR GUMILAR, A.Md.R.O	Nakes	II/d	IRJ
IIS YULISDAWATI, Amd.Kep	Nakes	VII	IRJ
ILMA MUFTIA, A.Md. TG	Nakes	III/a	IRJ
Jansyah Interamuda, A.Md.Kep	Nakes	III/b	IRJ
Naomi Chintya Hartbian, A.Md.Keb	Nakes	III/c	IRJ
NELI NOVITASARI, A.MD.KG	Nakes	III/b	IRJ
Netti Adriani, SST	Nakes	IV/a	IRJ
NOVA SURIANTI, S.KEP	Nakes	IV/c	IRJ
Novita Oktavia, S.Kep., Ners	Nakes	III/b	IRJ
Ns, YUFIA LENSI, S.Kep	Nakes	III/b	IRJ
NS. AISYAH, S.KEP	Nakes	IV/c	IRJ
NS. Irina, S.Kep	Nakes	IV/c	IRJ
Ns. LULIK NIA FAJRIN, S.Kep	Nakes	X	IRJ
Ns. NI WAYAN SUWARTI, S.KEP	Nakes	IV/b	R. PARU
Ns. SERLI ERWAN SAKTI, S.Kep	Nakes	X	IRJ
Ns. YENI RAHMAWATI, S.KEP	Nakes	III/b	IRJ
Ns.Farida Ariani, S.Kep	Nakes	III/d	IRJ
Ns.Loto Iskandardinata,S.Kep	Nakes	III/d	IRJ
Ns.Mia Arini, S.Kep	Nakes	III/d	IRJ
NURAINITA, A.MD. KEP	Nakes	III/b	IRJ
Resi Septa Mailendra, A.Md.Keb	Nakes	II/d	IRJ
Resty Sri Lestari, A.Md. Keb	Nakes	III/b	IRJ
Rindha Yudikarifi, A.Md.KG	Nakes	III/a	IRJ
Riza Yulita, S.Keb	Nakes	III/c	IRJ
Roiyana, S.Kep	Nakes	IV/c	IRJ
ROSWITA, Amd.Kep	Nakes	VII	IRJ
SAMRUNI ROHIMI, Amd. Kep	Nakes	VII	IRJ
SITI AZENI, S.Kep	Nakes	III/d	IRJ
SONDANG HELDINA PANGARIBUAN A.Md.Kep	Nakes	III/a	R. PBH LANTAI 1
Sri Kusdianti, A.Md.Kep	Nakes	II/d	IRJ
Susi Kurniawati,Amd.KG	Nakes	III/d	IRJ
Sutami, A.Mk	Nakes	II/d	IRJ
Yessimay, A.Md.Kep	Nakes	III/c	R. PBH LANTAI 1
Yuliyanti, A.Md Kep	Nakes	III/d	IRJ
YUNI FITRIANTI, Amd.Kep	Nakes	VII	IRJ
Yuniar Mayasari, A.Md.Kep	Nakes	III/c	IRJ
Yunita Safitri, A.Md.Kep	Nakes	III/b	IRJ
Ns.Bejo Sumarwoto, S.Kep	Nakes	III/b	R. NEUROLOGI
CHINTIA DWI RIZKI, Amd.Keb	Nakes	VII	R. NEUROLOGI
Ns. Desi Risna Rita, S.Kep	Nakes	III/b	R. NEUROLOGI
EKA SELVIANA ADHA, Amd.Kep	Nakes	VII	R. NEUROLOGI
FAISAL ABDA'OU, A.MD.KEP	Nakes	II/c	R. NEUROLOGI
JAUHARI, Amd.Kep	Nakes	VII	R. NEUROLOGI
Kus Apri Wibowo, A.Md.Kep	Nakes	II/d	R. NEUROLOGI
LISTIANA, Amd.Kep	Nakes	VII	R. NEUROLOGI
NOVILIANI DWI SYAHPUTRI,S.Tr.Keb	Nakes	IX	R. NEUROLOGI
NS. MARGARETHA ISMIWIRYANI,S.KEP	Nakes	IV/c	R. NEUROLOGI
Ns. QUEEN TWO BERTISA, S.Kep	Nakes	X	R. NEUROLOGI
Ns. SURYA PRATAMA. S.Tr. Kep	Nakes	III/b	R. NEUROLOGI
NUGRAH KRISTIANI, A.MD.KEP	Nakes	III/c	R. NEUROLOGI
Putriyeni Septiana, A.Md.Kep	Nakes	III/b	R. NEUROLOGI
RATNA DIANINGSIH, Amd.Kep	Nakes	VII	R. NEUROLOGI
RESTI DIANA, Amd.Kep	Nakes	VII	R. NEUROLOGI
RIA CITRA WULAN, Amd. Keb	Nakes	VII	R. NEUROLOGI
RYAN ANDIKA , Amd,Kep	Nakes	VII	R. NEUROLOGI
SACHARINA RESTY S, A.MD. KEP	Nakes	III/a	R. NEUROLOGI
Wahyu Arifiyanto, A.Md.F	Nakes	III/a	R. NEUROLOGI
WULAN FEBRIYANI, Amd. Kep	Nakes	VII	R. NEUROLOGI
Agustina Haruri Jusat, Amd.Keb	Nakes	III/b	R. KEBIDANAN
Anis Sofia, Amd.Keb	Nakes	III/b	R. KEBIDANAN
ARNELIA INDAH PRATAMA, S.Tr.Keb	Nakes	III/b	R. KEBIDANAN
AYU JELIANI SAPUTRI, Amd.Keb	Nakes	VII	R. KEBIDANAN
AYU LESTARI RAHMA Y.S.Tr.Keb.Bdn	Nakes	IX	R. KEBIDANAN
Bd.Arum Sartika Gerdawati, S.Keb	Nakes	III/b	R. KEBIDANAN
Bdn. Dela Nanda Putri, SST	Nakes	III/d	R. KEBIDANAN
CLARIA HARDIANTI, Amd.Keb	Nakes	VII	R. KEBIDANAN
Diah Ayu Setyorini, Amd.Keb	Nakes	III/c	R. KEBIDANAN
Diyah Rosiana, Amd. Keb	Nakes	III/a	R. KEBIDANAN
FEBRINA DIAH RAMADHANI, Amd.Keb	Nakes	VII	R. KEBIDANAN
Fitria Semenguk, A.Md.Keb	Nakes	III/b	R. KEBIDANAN
HAYATUN NUFUS, Amd. Keb	Nakes	VII	R. KEBIDANAN
HENI YULIA SARI, S.Tr. Keb	Nakes	IX	R. KEBIDANAN
Henita Apriana, S.Keb	Nakes	III/c	R. KEBIDANAN
IIN CAHAYA SAGITA, A.MD.KEB	Nakes	III/b	R. KEBIDANAN
Juwita Ismiyani, A.Md.Keb	Nakes	III/b	R. KEBIDANAN
Kasini, SST	Nakes	IV/b	R. KEBIDANAN
Martha Adelia, S.Keb	Nakes	III/b	R. KEBIDANAN
MARYANI, A.MD.KEB	Nakes	III/b	R. KEBIDANAN
Masnah, A.Md. Keb	Nakes	III/b	R. KEBIDANAN
Meliyana, SST.,M.Tr.Keb	Nakes	III/d	R. KEBIDANAN
Monalisa, A.Md.Keb	Nakes	VII	R. BEDAH
NUR ANNISA AMMALIA, Amd.Keb	Nakes	VII	R. KEBIDANAN
NURHAYATI, A.MD.KEB	Nakes	III/d	R. KEBIDANAN
Otty Faradina, S.Tr.Keb	Nakes	III/d	R. KEBIDANAN
SERLIANA AKRIN, S.Tr. Keb	Nakes	IX	R. KEBIDANAN
TRI OKTARIANI, Amd.Keb	Nakes	VII	R. KEBIDANAN
Yeni Supriyanti, A.Md.Keb	Nakes	III/c	R. PENYAKIT DALAM INFEKSIUS
YUANITA, S.Keb	Nakes	III/d	R. KEBIDANAN
Yuni Supiatun, A.Md.Keb	Nakes	III/b	R. KEBIDANAN
YUSNITA DWI, Amd. Keb	Nakes	VII	R. KEBIDANAN
Yuniarti, SST	Nakes	IV/b	R. KEBIDANAN
HENDRA MP HALIL, Amd.Kep	Nakes	VII	R. PELAYANAN JANTUNG TERPADU KLINIS
HIDIR, Amd.Kep	Nakes	VII	R. PELAYANAN JANTUNG TERPADU KLINIS
Ns. Dwi Arisanti, S.Kep	Nakes	III/c	R. PELAYANAN JANTUNG TERPADU KLINIS
Ns. Dwi Lestari, S.ST	Nakes	III/c	R. PELAYANAN JANTUNG TERPADU KLINIS
Ns. IDHO QODRI, S.Kep	Nakes	X	R. PELAYANAN JANTUNG TERPADU KLINIS
NS. RAHMA METALIA, S.KEP	Nakes	III/a	R. PELAYANAN JANTUNG TERPADU KLINIS
Ns. SRI MAINIAH, S.Kep	Nakes	III/d	R. PELAYANAN JANTUNG TERPADU KLINIS
Ns.Benediktus Reza Anggara,S.Kep	Nakes	III/b	INSTALASI BEDAH SENTRAL
NURHASANAH, Amd. Kep	Nakes	VII	R. PELAYANAN JANTUNG TERPADU KLINIS
PANJI INDRA B, A.MD.KEP	Nakes	II/c	R. PELAYANAN JANTUNG TERPADU KLINIS
Rahmat Affandi, A.Md.Kep	Nakes	II/d	R. PELAYANAN JANTUNG TERPADU KLINIS
RETNO FITRAH CANTIKA, Amd.Kep	Nakes	VII	R. PELAYANAN JANTUNG TERPADU KLINIS
RIKI APRIANTO, Amd.Kep	Nakes	VII	R. PELAYANAN JANTUNG TERPADU KLINIS
TRI LESTARI, Amd.Kep	Nakes	VII	R. PELAYANAN JANTUNG TERPADU KLINIS
VINA YULIANTIKA, A.MD.KEP	Nakes	II/c	R. PELAYANAN JANTUNG TERPADU KLINIS
YENI PURBIANTI, Amd.Kep	Nakes	VII	R. PELAYANAN JANTUNG TERPADU KLINIS
Afria Susanti, A.Md.Kep	Nakes	III/a	R. ANAK
AGUSTIN PRASETIA LUKITA ,Amd.Kep	Nakes	VII	R. ANAK
Ardian Dwi Kurniawan, Amd.Kep	Nakes	III/b	R. ANAK
Argi Astuti, Amd.Kep	Nakes	III/b	R. ANAK
DIAN ANGGRAINI, A.Md. Kep	Nakes	II/d	R. ANAK
DIAN ANITA, Amd. Kep	Nakes	VII	R. ANAK
Didi Arif Piseska, Amd.Kep	Nakes	III/b	R. ANAK
ELI MULYANI, A.MD.KEP	Nakes	III/c	R. ANAK
ELSA DWI PUTRI, Amd.Keb	Nakes	VII	R. ANAK
Eva Kurnia, A.Md.Kep	Nakes	III/a	R. ANAK
FITRIA NINGSIH, S.Tr. Keb	Nakes	IX	R. ANAK
IKA YULINDA, Amd.Kep	Nakes	VII	R. ANAK
ILMI, Amd.Kep	Nakes	VII	R. ANAK
KUSTININGSIH, A.Md.KEP	Nakes	III/c	R. ANAK
MUHAMMAD EKA SAPUTRA, Amd.Kep	Nakes	VII	R. ANAK
Nova Indriana, A.Md.Kep	Nakes	III/b	R. ANAK
Ns. MERI SETRIANA.S.Kep	Nakes	X	R. ANAK
Ns. RAHMAWATI, S. Kep	Nakes	IV/b	R. ANAK
Ns.PUTRI IDAWATI, S.KEP	Nakes	III/c	R. ANAK
NURUL KHAIRUNISA, Amd.Keb	Nakes	VII	R. ANAK
PUJI LESTARI. Amd. Kep	Nakes	VII	R. ANAK
PUSYA PARADHITA, Amd.Keb	Nakes	VII	R. ANAK
Ratika Oktaresa, A.Md.Keb	Nakes	VII	R. ANAK
RIMA SEPTIA  AR, Amd.Kep	Nakes	VII	R. ANAK
RIZKI YOGI KURNIAWAN, Amd. Kep	Nakes	VII	R. ANAK
Servia Oktafiana, A.Md.Keb	Nakes	VII	R. ANAK
YUNITA RISKA  APRIYANI, Amd.Kep	Nakes	VII	R. ANAK
AFRIAN DWI CAHYA, A.MD. KEP	Nakes	III/a	R. PARU
Ahmad Albar, A.Md.Kep	Nakes	II/d	R. PARU
DEVI ANGGRAINI MODEREN, Amd, Kep	Nakes	VII	R. PARU
DEVI DIANA SURI, S.Kep	Nakes	III/a	R. PARU
Fantri Indria Susanti, A.Md.Kep	Nakes	III/b	R. PARU
FEBRIANTI, S.Tr. Keb	Nakes	IX	R. PARU
FEBY SYAFTRIANA, Amd,Kep	Nakes	VII	R. PARU
HARYO WIDODO. Amd. Kep	Nakes	VII	R. PARU
Hepi Leo Saputra, S.Kep	Nakes	III/d	R. PARU
INDAH DWI PANGESTI, Amd.Kep	Nakes	II/c	R. PARU
Irawati, A.Md.Kep	Nakes	III/b	R. PARU
NILA NOVITASARI, Amd. Kep	Nakes	VII	R. PARU
Ns. Boiman, S.Kep	Nakes	III/c	R. PARU
Ns. DHARMA SAPUTRA, S.Kep	Nakes	X	R. PARU
Ns. MAWADDAH YUSPITA, S.Kep	Nakes	X	R. PARU
NUGRA DWI PUTRI, Amd. Keb	Nakes	VII	R. PARU
PUTRI EKA SETIAWATI, Amd.Keb	Nakes	VII	R. PARU
RENI MUSLIMAH, Amd, Kep	Nakes	VII	R. PARU
REZA WIDYA, Amd. Kep	Nakes	VII	R. PBH LANTAI 1
RINI TUGIYATMI, Amd.Kep	Nakes	II/c	R. PARU
ULI MASTAMI ARIEF, Amd.Keb	Nakes	VII	R. PARU
YUDI NOVRIYANSYAH, Amd. Kep	Nakes	VII	R. PARU
ANDINE TIKA PUSPITA, A.Md.Kep.	Nakes	II/c	R. PERINATOLOGI
Aprina Sari, Amd.Kep	Nakes	III/b	R. PERINATOLOGI
APRIZA IRMA SARI, S.Tr. Keb	Nakes	IX	R. PERINATOLOGI
ARIE FITRIANI, Amd.Keb	Nakes	VII	R. PERINATOLOGI
BENDSIA GENOVICHA, S.Tr.Keb	Nakes	IX	R. PERINATOLOGI
Budiarti, Amd. Kep	Nakes	III/b	R. PERINATOLOGI
Cherly Desvia Nunyai, A.md.Keb	Nakes	III/a	R. PERINATOLOGI
DERISTA HARTATI, A.MD.KEP	Nakes	II/c	R. PERINATOLOGI
Desna Annisa, S.Kep.Ners	Nakes	III/b	R. PERINATOLOGI
EDI GUNAWAN, Amd.Kep	Nakes	VII	R. PERINATOLOGI
EKA NURUL ISWANTI, Amd.Kep	Nakes	III/c	R. PERINATOLOGI
ELYA HARTINA, S.ST	Nakes	IV/c	R. PERINATOLOGI
FARLESSIA NADIANI M. P. Amd,Keb	Nakes	VII	R. PERINATOLOGI
FEBRIANTI MONICA, Amd.Kep	Nakes	VII	R. PERINATOLOGI
GITA PURNAMA SARI, S.Tr. Keb	Nakes	IX	R. PERINATOLOGI
IRA MARSELLA AMRI, Amd.Kep	Nakes	VII	R. PERINATOLOGI
JEFRYANSYAH RIDUAN, A.MD.KEP	Nakes	II/c	R. PERINATOLOGI
KARLINA OKTAVIA, A.MD.KEP	Nakes	II/c	R. PERINATOLOGI
Mainun, SST	Nakes	III/b	R. PERINATOLOGI
MAISAROH. Amd. Kep	Nakes	VII	R. PERINATOLOGI
NOPI PRAWITA. Amd. Keb	Nakes	VII	R. PERINATOLOGI
NOVALIA SAFITRI, Amd.Keb	Nakes	VII	R. PERINATOLOGI
Ns. DESI EKA WIJAYA, S.Kep	Nakes	III/d	R. PERINATOLOGI
Ns. ENDRI SETIAWAN, S.Kep	Nakes	III/c	R. PERINATOLOGI
Ns. MISTI AZIZAH, S.KEP	Nakes	III/d	R. PERINATOLOGI
Ns.Eka Agustiana Dewi,S.Kep	Nakes	III/d	R. PERINATOLOGI
Ns.Isrina Ramadhani, S.Kep	Nakes	III/a	R. PERINATOLOGI
OKTO YURISMAN, Amd. Kep	Nakes	II/c	R. PERINATOLOGI
Retno Yunita Sari, A.Md.Keb	Nakes	III/b	R. PERINATOLOGI
RINI TRI ASTUTI, Amd.Kep	Nakes	VII	R. PERINATOLOGI
RIZKA ANGRAINI. SST	Nakes	IX	R. PERINATOLOGI
RIZKA OCTAVIANA PUTRI, Amd.Kep	Nakes	II/c	R. PERINATOLOGI
SEPTA WAHYU RUSMANTO, Amd.Kep	Nakes	VII	R. PERINATOLOGI
WINDA SEFRINA HUTASOIT, A.Md.Kep	Nakes	II/d	R. PERINATOLOGI
YUNIARTI, Amd.Kep	Nakes	VII	R. PERINATOLOGI
Zaituni, Amd.Kep	Nakes	III/d	R. PERINATOLOGI
ATRIA NINGSIH, Amd.Kep	Nakes	VII	R. PAV SUDHA NIRMALA A
Eny Widyastuti, Amd.Kep	Nakes	III/b	R. PAV SUDHA NIRMALA A
FITRI HANDAYANI, Amd.Kep	Nakes	VII	R. PAV SUDHA NIRMALA A
HENI SULISTIARA, S.Tr. Keb	Nakes	IX	R. BEDAH
INTAN PURNAMASARI, Amd.Keb	Nakes	VII	R. PAV SUDHA NIRMALA A
MEILIA RATNA ISWARI . Amd.Kep	Nakes	VII	R. PAV SUDHA NIRMALA A
MUHAMMAD RIVAN ALENTINO,A.MD.KEP	Nakes	II/c	R. PAV SUDHA NIRMALA A
NOVITA MULYA SARI, A.MD.KEP	Nakes	II/c	R. PAV SUDHA NIRMALA A
Ns LANA GUSTINA, S.Kep	Nakes	X	R. PAV SUDHA NIRMALA A
Ns. FITRI MARLISA PUTRI, S.Kep	Nakes	X	R. PAV SUDHA NIRMALA A
Ns. HAFIIZ JULIANTO, S.Kep	Nakes	III/b	R. PAV SUDHA NIRMALA A
Ns. TRI SUSFENSIADI, S.Kep	Nakes	X	R. BEDAH
TAUFIQUR RAHMAN, Amd,Kep	Nakes	VII	R. PAV SUDHA NIRMALA A
Isnaeni Nurul Khotimah, A.Md.Kep	Nakes	III/b	R. EKSEKUTIF
Iwan Juniawan	Nakes	II/d	R. EKSEKUTIF
Ns. DESTI RIZKI ANANDA, S.Kep	Nakes	X	R. EKSEKUTIF
Ns. M. BAGUS WIBISONO, S.Kep	Nakes	III/b	R. EKSEKUTIF
RISKI AYU. Amd.Kep	Nakes	VII	R. EKSEKUTIF
Sofitania, A.Md.Keb	Nakes	VII	R. EKSEKUTIF
Ummi Ulfa Utamy, A.Md.Kes	Nakes	III/a	R. EKSEKUTIF
Ummul Fadhillah, A.Md.Kep	Nakes	III/b	R. EKSEKUTIF
WINDARTI DWI PUTRI, Amd.Kep	Nakes	II/c	R. EKSEKUTIF
YACI EVASARA, A.MD.KEP	Nakes	II/d	R. EKSEKUTIF
ANNA BERTIANA, Amd.Kep	Nakes	VII	R. ONKOLOGI TERPADU (KHEMOTERAPI)
Bdn. Norberta Alda Sakti, S.ST	Nakes	III/b	R. ONKOLOGI TERPADU (KHEMOTERAPI)
Dwi Mahendra, Amd.Kep	Nakes	II/d	R. ONKOLOGI TERPADU (KHEMOTERAPI)
FENNY MALINDA, Amd.Kep	Nakes	VII	R. ONKOLOGI TERPADU (KHEMOTERAPI)
HERRI WIDIYANTO, Amd.Kep	Nakes	VII	R. ONKOLOGI TERPADU (KHEMOTERAPI)
Ns. FARIDA, S.Kep	Nakes	X	R. ONKOLOGI TERPADU (KHEMOTERAPI)
Ns. Umsani, S.Kep	Nakes	III/b	R. ONKOLOGI TERPADU (KHEMOTERAPI)
ROMI RONIDA, S.Kep	Nakes	III/d	R. ONKOLOGI TERPADU (KHEMOTERAPI)
SANTI DINASTIWI, Amd. Kep	Nakes	VII	R. ONKOLOGI TERPADU (KHEMOTERAPI)
TRI KHUSNUL KHOTIMAH, Amd.Kep	Nakes	VII	R. ONKOLOGI TERPADU (KHEMOTERAPI)
XANTIA NOVITA, Amd.Kep	Nakes	VII	R. ONKOLOGI TERPADU (KHEMOTERAPI)
-RIZKI SEPTA NURRANGGA, Amd.Kep -	Nakes	VII	R. MATA
MERISA PUTRI, Amd.Kep	Nakes	VII	R. MATA
Ns. Tri Sukamti P, S.Kep	Nakes	IV/b	R. MATA
Sri Paduka, S.ST	Nakes	IV/c	R. MATA
YANITA TRIATI, Amd. Keb	Nakes	VII	R. MATA
ELTIA GEMPITA, Amd.Kep	Nakes	VII	R. THT
M. Ariefandi	Nakes	II/d	R. THT
Ns. RIZNA MEUTHIA  AYU, S.Kep	Nakes	X	R. THT
Ns. SRI MINARTI, S,Kep	Nakes	X	R. THT
Ns.Siska Aprillia DS,S.Kep.	Nakes	III/b	R. THT
Wirdawati Eka Novia, S.Kep	Nakes	III/b	IRJ
YUNITA, S.KEP	Nakes	III/b	R. THT
ARUM FITRIANI, Amd.Kep	Nakes	VII	R. PBH LANTAI 2
Dwi Maya Wulandari, Amd.Kep	Nakes	III/b	R. PBH LANTAI 2
ELA SUSILA WATI, Amd.Kep	Nakes	VII	R. PBH LANTAI 2
Feni Agustiarini, A.Md.Kep	Nakes	III/b	R. PBH LANTAI 2
HARNI YULITA,A.Md.Kep	Nakes	III/c	R. PBH LANTAI 2
HERAWATI, Amd. Keb	Nakes	VII	R. PBH LANTAI 2
LINDA LESTARI, Amd. Kep	Nakes	VII	R. PBH LANTAI 2
Muhammad Darsono, A.Md.Kep	Nakes	III/b	R. PBH LANTAI 2
NITA RILFIYANA, Amd.Keb	Nakes	VII	R. PBH LANTAI 2
Ns. DIAH ARUNIAWATI, S.Kep	Nakes	IV/b	R. PBH LANTAI 2
OCTAVIANI KESUMA PUTRI, Amd.Keb	Nakes	VII	R. PBH LANTAI 2
Rinayati, A.Md.Kep	Nakes	III/d	R. PBH LANTAI 2
Rosdiana, A.Md.Kep	Nakes	III/c	R. PBH LANTAI 2
ROSLINA, Amd.Kep	Nakes	VII	R. PBH LANTAI 2
Agung Candra Wicaksana, Amd.Kep	Nakes	II/d	R. PBH LANTAI 4
Dedy Ermawan, Amd. Kep	Nakes	II/d	R. PBH LANTAI 3
DEWI YANI, Amd.Keb	Nakes	VII	R. PBH LANTAI 3
Imam Khudori, A.Md.Kep	Nakes	II/d	R. PBH LANTAI 3
Ns. ARDHIKA RENDY KURNIA, S.Kep	Nakes	X	R. PBH LANTAI 3
Ns. DEA TRI SEPTIANA, S.Kep	Nakes	X	R. PBH LANTAI 3
Reni Yuliana, A.md.Keb	Nakes	VII	R. PBH LANTAI 3
RISDIANI, Amd.Kep	Nakes	VII	R. PBH LANTAI 3
SITI FATHONAH, Amd.Keb	Nakes	VIII	R. PBH LANTAI 3
SRI HANDAYANI S, Amd.Kep	Nakes	VII	R. PBH LANTAI 3
RIA KRISTIANA, Amd.Kep	Nakes	VII	R. PBH LANTAI 3
Sugiarti, SST	Nakes	III/d	R. PBH LANTAI 4
DEPITAYANA, Amd. Kep	Nakes	VII	R. PBH LANTAI 4
DWYNA GUSTIN SARI, Amd.Kep	Nakes	VII	R. PBH LANTAI 4
LIA ANGGRAINI, Amd. Kep	Nakes	VII	R. PBH LANTAI 4
M. YASIN AGUNG NUGROHO, Amd. Kep	Nakes	VII	R. PBH LANTAI 4
Ns. CHICA ANDRIANI, S.Tr. Kep	Nakes	X	R. PBH LANTAI 4
NURITA, Amd,Kep	Nakes	VII	R. PBH LANTAI 4
REZA UTAMI MEILAN, Amd. Keb	Nakes	VII	R. PBH LANTAI 4
SULISTIYOWATI, Amd,Kep	Nakes	VII	R. PBH LANTAI 4
SURYA REZKI AMALLIA, Amd.Kep	Nakes	VII	R. PBH LANTAI 4
UCHI DEBI SILVIA, S.ST	Nakes	IX	R. PBH LANTAI 4
Ns. ASMAWATI, S.KEP	Nakes	IV/a	R. PBH LANTAI 4
WINDA KUMALA SARI, Amd.Kep	Nakes	VII	R. PBH LANTAI 3
AJENG ANDARINI, Amd. Kep	Nakes	VII	R. BEDAH
ANDIKA SAPUTRA, Amd.Kep	Nakes	VII	INSTALASI HEMODIALISA
ASLIASARI, A.MD. KEP	Nakes	III/c	R. BEDAH
AULIA ULFA, Amd.Kep	Nakes	II/c	R. BEDAH
AYU WIDYA NINGTYA, Amd. Kep	Nakes	VII	R. BEDAH
BAGUS SADEWA, Amd.Kep	Nakes	VII	R. BEDAH
CITRA YUNISA FIRDALINA, S.Tr.Keb	Nakes	IX	R. BEDAH
DEBY YUNITA, S.Tr.Keb	Nakes	IX	R. BEDAH
DESMIYANTI, A.MD.KEP	Nakes	III/b	R. THT
DWI FITRIA LETHA. Amd. Kep	Nakes	VII	R. BEDAH
EMMA RAHMI, Amd.Kep	Nakes	VII	R. BEDAH
ERVALIANA SUFANDARI E, Amd.Kep	Nakes	VII	R. BEDAH
FADHEL SYAMSU ANWAR, Amd.Kep	Nakes	VII	R. BEDAH
FANNY MALINDA, Amd.Kep	Nakes	VII	R. BEDAH
FERA ASTARINA, A.MD. KEP	Nakes	II/c	R. BEDAH
HENDRI SAPUTRA. Amd.Kep	Nakes	VII	R. PINERE
Hertati, A.Md.Kep	Nakes	II/d	R. THT
MARIA SELFI, Amd.Kep	Nakes	VII	R. BEDAH
Ns. DENI KURNIAWAN, S.Tr. Kep	Nakes	X	R. BEDAH
Ns. FRANSISCO BAGUS P, S.Kep	Nakes	X	R. ONKOLOGI TERPADU (KHEMOTERAPI)
Ns. Laila Sari, S.Kep	Nakes	III/d	R. BEDAH
Ns. NOVIANTI, S.KEP	Nakes	III/b	R. PENYAKIT DALAM NON INFEKSIUS
NURLIAN TIPTIANI K, Amd.Kep	Nakes	VII	R. BEDAH
RAISA RITA DWINA, A.Md.Kep	Nakes	II/d	R. BEDAH
RIZKI RAMADHAN JAYA, Amd.Kep	Nakes	VII	R. PINERE
ROSI INDAH ASDALENA,Amd.Kep	Nakes	VII	R. BEDAH
SITI MAYSAROH, Amd.Kep	Nakes	VII	R. BEDAH
Srinora Manurung, A.Md.Kep	Nakes	III/a	R. BEDAH
Surati, SST	Nakes	IV/b	R. BEDAH
TIWI PUSPITA SARI, Amd.Kep	Nakes	VII	R. BEDAH
TOMY SEPTIAN PRANATA, Amd,Kep	Nakes	VII	R. BEDAH
ZUBAIDAH, AMD.KEP	Nakes	II/c	R. BEDAH
Bina Riani	Nakes	II/d	R. PENYAKIT DALAM NON INFEKSIUS
CITRA ARIANTI, Amd.Keb	Nakes	VII	R. PENYAKIT DALAM NON INFEKSIUS
Dahlia Ningsih, A.Md.Kep	Nakes	III/c	R. PENYAKIT DALAM NON INFEKSIUS
DIAN CERIA SARI, A.Md.Kep	Nakes	II/d	R. PENYAKIT DALAM NON INFEKSIUS
DINA MIRANDA, S.Kep	Nakes	III/a	R. PENYAKIT DALAM NON INFEKSIUS
Dobi Nurmanita, Amd.Kep	Nakes	III/b	R. PENYAKIT DALAM NON INFEKSIUS
FERDARA RANTIKA. AN, Amd.Kep	Nakes	VII	R. PENYAKIT DALAM NON INFEKSIUS
GALIH NUGROHO, AMD. Kep	Nakes	VII	R. PENYAKIT DALAM NON INFEKSIUS
Hepy Mardiana, A.Md.Kep	Nakes	III/b	R. PENYAKIT DALAM NON INFEKSIUS
ISTIQOMAH, Amd. Kep	Nakes	VII	R. PENYAKIT DALAM NON INFEKSIUS
LAILATUL RAHMAH, A.MD. KEP	Nakes	II/c	R. PENYAKIT DALAM NON INFEKSIUS
NOKA RIZANA, Amd.Kep	Nakes	VII	R. PENYAKIT DALAM NON INFEKSIUS
NOVIYANA, Amd.Kep	Nakes	VII	R. PENYAKIT DALAM NON INFEKSIUS
Ns, ANWAR ROSYID, S.Kep	Nakes	X	R. PENYAKIT DALAM NON INFEKSIUS
Ns.Elida Gusti, S.Kep	Nakes	III/b	R. PENYAKIT DALAM NON INFEKSIUS
OKTIA HAENI, Amd.Kep	Nakes	VII	R. PENYAKIT DALAM NON INFEKSIUS
Rika Tri Purwanti, A.md.Keb	Nakes	VII	R. PENYAKIT DALAM NON INFEKSIUS
Ns.Sarwanto, S. Kep	Nakes	II/d	R. PENYAKIT DALAM NON INFEKSIUS
SELVIANI MALLA SARI, Amd,Keb	Nakes	VII	R. PENYAKIT DALAM NON INFEKSIUS
Siti Aminah, A.Md.Kep	Nakes	III/b	R. PENYAKIT DALAM NON INFEKSIUS
WIDIANA SARI, Amd. Kep	Nakes	VII	R. PENYAKIT DALAM NON INFEKSIUS
YUSMILA SARI, Amd.Kep	Nakes	VII	R. PENYAKIT DALAM NON INFEKSIUS
APRITA SARI, SST	Nakes	IX	R. PENYAKIT DALAM INFEKSIUS
ASRI LUTHFITA DEWI, Amd.Kep	Nakes	VII	R. PENYAKIT DALAM INFEKSIUS
EVA ZULHARIA, Amd.Keb	Nakes	VII	R. PENYAKIT DALAM INFEKSIUS
FERA SULISTIA, Amd.Kep	Nakes	VII	R. PENYAKIT DALAM INFEKSIUS
FITRIA WULANDARI, Amd.Keb	Nakes	VII	R. PENYAKIT DALAM INFEKSIUS
INDRI LOVELY AURIA, S.Tr. Keb	Nakes	IX	R. PENYAKIT DALAM INFEKSIUS
Junaidi, A.Md.Kep	Nakes	III/d	R. PENYAKIT DALAM INFEKSIUS
Lia Agustina Makki, A.Md.Kep	Nakes	III/d	R. PENYAKIT DALAM INFEKSIUS
NENDEN KURNIASIH, A.Md. KEP	Nakes	VII	R. PENYAKIT DALAM INFEKSIUS
NOVIA DEWININGSIH, Amd.Kep	Nakes	VII	R. PENYAKIT DALAM INFEKSIUS
Ns. ANITA SURYA, S.Kep	Nakes	X	R. PENYAKIT DALAM INFEKSIUS
Ns. NISSA SEPTINA, S.Kep	Nakes	X	R. PENYAKIT DALAM INFEKSIUS
NURMALA HAYATI, Amd.Kep	Nakes	VII	R. PENYAKIT DALAM INFEKSIUS
NURMASARI, Amd.Kep	Nakes	VII	R. PENYAKIT DALAM INFEKSIUS
PERI LENI, Amd. Kep	Nakes	III/d	R. PENYAKIT DALAM INFEKSIUS
WAHYU MAHKOTA, Amd.Kep	Nakes	VII	R. PENYAKIT DALAM INFEKSIUS
ANJARWANI SEKAR L, Amd. Keb	Nakes	VII	R. BEDAH
BUDI MYLANDI, Amd.Kep	Nakes	VII	R. PINERE
Dwi Harsono, A.Md.Kep	Nakes	III/c	R. PBH LANTAI 1
INTAN AGUSTINA. Amd.Keb	Nakes	VII	R. PINERE
Putra Aji Wibawa, A.Md. Kep	Nakes	II/d	R. PINERE
TRI UTARI, A.MD. KEP	Nakes	II/c	R. PINERE
ADE FEBRI SARTIAN, SST	Nakes	IX	R. PINERE
DIAN ANDRIANI, Amd.Kep	Nakes	VII	R. PINERE
DIENA PUSPITA SARI, S.Keb. Bd	Nakes	IX	R. BEDAH
RINA ELA PRIANA SARI, Amd.Kep	Nakes	VII	R. PINERE
ROBBI'ATUL ADAWIYAH, Amd.Kep	Nakes	VII	R. PINERE
VITA VERIA EKA PUTRI, Amd.Kep	Nakes	VII	R. PINERE
ANDI RIYADI, A.MD. KEP	Nakes	II/c	R. CVCU JANTUNG
DIAH MULYATI SUGA, A.MD.KEP	Nakes	II/c	R. CVCU JANTUNG
FAHRIYANSYAH, Amd.Kep	Nakes	VII	R. CVCU JANTUNG
HARIS SAFARI, A.MD.KEP	Nakes	II/c	R. CVCU JANTUNG
HERAYANTI, Amd. Kep	Nakes	VII	R. CVCU JANTUNG
M. Agung Dwi Huda, A.Md.Kep	Nakes	II/d	R. CVCU JANTUNG
MONANG HALOMOAN HUTABARAT A.MD.KEP	Nakes	II/c	R. CVCU JANTUNG
Ns. SITI NURLAELY, S.Kep	Nakes	X	R. CVCU JANTUNG
Ns. STEVIAN AHMAD Y, S.Kep	Nakes	X	R. CVCU JANTUNG
Ns. Zainab, S.Kep	Nakes	III/c	R. CVCU JANTUNG
PUJI RAHARJO, Amd. Kep	Nakes	VII	R. CVCU JANTUNG
AHMAD AMRIZAL , Amd.Kep	Nakes	VII	IGD
ANDORIA SILVIA BR. M, AMD.KEP	Nakes	III/c	IGD
ARSINOTO, Amd.Kep	Nakes	VII	IGD
ASY SYAKUURU DEVI ANA, Amd.Kep	Nakes	VII	IGD
BAYU INDRA SETIAWAN, A.MD.KEP	Nakes	II/c	IGD
DANI PRASETYO, A.MD.KEP	Nakes	II/c	IGD
Dea Yudha Anggisa, S.Keb	Nakes	III/b	IGD
DEFI PERMATA SARI, A.MD.KEP	Nakes	II/c	IGD
Dessy Oktaviana, A.md.Kep	Nakes	III/a	IGD
EDY PURWANTO, A.Md.Kep	Nakes	II/d	IGD
ENDRO SUSANTO, S.Kep,Ns	Nakes	X	IGD
ERIS RETNOWATI, A.MD.KEP	Nakes	II/d	IGD
GUSTIAWATI ZUBAINI, Amd.Keb	Nakes	VII	IGD
KING WANGSA OBIKA, Amd.Kep	Nakes	VII	IGD
MEGA ANGGRIA DARMAWAN, Amd.Kep	Nakes	II/c	IGD
MEILINDA UTAMI, Amd.Kep	Nakes	VII	IGD
META AYU NOVITA, A.Md.Kep	Nakes	II/d	IGD
Mirnasari, S.Kep., Ners	Nakes	III/b	IGD
MUTIARA AYU PUTRI R, Amd.Kep	Nakes	VII	IGD
NANDA TRI OKTAVIA, Amd.Kep	Nakes	VII	IGD
NAURI ZULFA, Amd.Keb	Nakes	VII	IGD
Ns. Dewi Andriani, S.Kep	Nakes	IV/b	IGD
Ns. DWI NOVITA SARI,S.Kep	Nakes	X	IGD
Ns. DWI PUTRI PERTIWI, S.Kep	Nakes	X	IGD
Ns. JUHANDA DWI SAPUTRA, S.Kep	Nakes	X	IGD
Ns. SRI YULIANI, S.Kep	Nakes	X	IGD
Ns. Susi Lestari, S.Kep	Nakes	III/c	IGD
Rabiul Anwar, A.Md.Kep	Nakes	III/b	IGD
Rahmah Nurkhasanah, A.Md.Kep	Nakes	III/b	IGD
RESTI AISYAH,A.MD. KEP	Nakes	II/c	IGD
RINI AINUL FITRI, Amd.Keb	Nakes	VII	IGD
SRI WURYANTI, Amd.Kep	Nakes	VII	IGD
SULAINI, Amd.Kep	Nakes	VII	IGD
SURYO WIBOWO.Amd.Kep	Nakes	VII	IGD
ULFA HESTI APRIYANTI, A.Md.Kep	Nakes	II/c	IGD
WINDAH ARIYANI, A.MD. KEP	Nakes	II/c	IGD
YUNI SABTIANI, A.Md.Kep	Nakes	II/d	IGD
Anggiasari Hayani, A.Md.Keb	Nakes	III/b	PONEK IGD
AYU ANGGRAINI, S.Tr. Keb	Nakes	IX	PONEK IGD
AYU PRATIWI, Amd. Keb	Nakes	VII	PONEK IGD
Bdn. Emiliya, S.ST., M.KM	Nakes	IV/c	PONEK IGD
Eka Yunita Sari, Amd.Keb	Nakes	III/b	PONEK IGD
Jihad Afana, A.Md.Keb	Nakes	III/b	PONEK IGD
MAHARANI CAHYA KUSUMA, S.Tr.Keb	Nakes	IX	PONEK IGD
Merisya, A.Md.Keb	Nakes	VII	PONEK IGD
NOPI TAMALA, Amd.Keb	Nakes	VII	PONEK IGD
PRICILLIA RAHAYU, S.Tr.Keb	Nakes	III/b	PONEK IGD
RAFIKA OKTAVIANI, S.Tr.Keb	Nakes	IX	PONEK IGD
RETNO HAYU PANGESTI, S.Tr.Keb	Nakes	III/b	PONEK IGD
RINDI ANTIKA, A.MD.KEB	Nakes	IX	PONEK IGD
RISKA PUJA KESUMA, S.ST	Nakes	III/d	PONEK IGD
SELVI RHOMAWATI. Amd.Keb	Nakes	VII	PONEK IGD
Susi Ekowati, A.Md.Keb	Nakes	III/b	PONEK IGD
KASWANDA. Amd. Kep	Nakes	VII	R. PINERE
Bekti Noviandari, Amd. Kep	Nakes	III/a	INSTALASI BEDAH SENTRAL
BINTANG DAYA CAHYONO, Amd.Kep	Nakes	VII	INSTALASI BEDAH SENTRAL
DAYU JAYSENDIRA, Amd.Kep	Nakes	VII	INSTALASI BEDAH SENTRAL
EDY ARMANSYAH, A.Md.Kep	Nakes	III/b	INSTALASI BEDAH SENTRAL
EKA DINA APRILIA, A.Md.KEP	Nakes	III/a	INSTALASI BEDAH SENTRAL
Hardiyanto, SKM	Nakes	III/d	INSTALASI BEDAH SENTRAL
Ns. Harys Sutanto, S.KEP	Nakes	III/c	INSTALASI BEDAH SENTRAL
INDRI PURWANTI, Amd.Kep	Nakes	VII	INSTALASI BEDAH SENTRAL
Isnaini, A.Md.Keb	Nakes	III/c	INSTALASI BEDAH SENTRAL
Lucia Endang Partiningsih, SST	Nakes	IV/b	INSTALASI BEDAH SENTRAL
M. Arief Budiman, A.Md.Kep	Nakes	III/a	INSTALASI BEDAH SENTRAL
Ns. AGUNG OCTANIHANDO R,S.Tr.Kep	Nakes	III/b	INSTALASI BEDAH SENTRAL
Ns. Anton Sugito, S.Kep	Nakes	III/d	INSTALASI BEDAH SENTRAL
Ns. Dewi Puspita Sari, S.Kep	Nakes	III/b	INSTALASI BEDAH SENTRAL
Ns. Endang Supriadi, S.Kep	Nakes	IV/a	INSTALASI BEDAH SENTRAL
Ns. HENDRI GUNAWAN, S.Kep	Nakes	III/b	INSTALASI BEDAH SENTRAL
Ns. Muhammad Yunus, S.Kep	Nakes	III/d	INSTALASI BEDAH SENTRAL
Ns. PARIYES SUSANTO, S.KEP	Nakes	III/b	INSTALASI BEDAH SENTRAL
Ns. RAFULUDDIN MUKHLISIN, S.Kep	Nakes	IV/b	INSTALASI BEDAH SENTRAL
Ns. Sartono, S.Kep	Nakes	IV/a	INSTALASI BEDAH SENTRAL
Ns. Susmiati Ningsih, S.Kep	Nakes	IV/b	INSTALASI BEDAH SENTRAL
Ns. Yunizar, S.Kep	Nakes	IV/c	INSTALASI BEDAH SENTRAL
Ns.Faizal Ali, S.Kep	Nakes	IV/a	INSTALASI BEDAH SENTRAL
Ns.Firdaus, S.Kep	Nakes	IV/a	INSTALASI BEDAH SENTRAL
Ns.Nani Yulianti, S.Kep	Nakes	III/c	INSTALASI BEDAH SENTRAL
NS.NI WAYAN FARIDA A, S.KEP	Nakes	IV/b	INSTALASI BEDAH SENTRAL
RANDI ARIASTA MUKHLISIN, Amd.Kep	Nakes	VII	INSTALASI BEDAH SENTRAL
RIESKAN ESA FANI, A.MD.KEP	Nakes	II/c	INSTALASI BEDAH SENTRAL
Septin Munardi, SKM	Nakes	III/d	INSTALASI BEDAH SENTRAL
Ns. Taufik Sofa, S.Kep	Nakes	III/b	INSTALASI BEDAH SENTRAL
Yessy Septiana, A.Md.Kep	Nakes	III/c	INSTALASI BEDAH SENTRAL
YULIANTO, A.MD.KEP	Nakes	III/c	INSTALASI BEDAH SENTRAL
Joni Ardi	Nakes	II/c	INSTALASI BEDAH SENTRAL
Ns. SUGIRI, S.Kep	Nakes	X	INSTALASI BEDAH SENTRAL
Ns. Marleni Puspa Dewi, S.Kep	Nakes	IV/b	INSTALASI BEDAH SENTRAL
AGNES RIAN PUSPITA, Amd.Kep	Nakes	II/c	ICU / ICCU / PICU
AGUS TOMI NUR, Amd.Kep	Nakes	VII	ICU / ICCU / PICU
ALI DEPRI ADISYAH, A.MD.KEP	Nakes	III/a	ICU / ICCU / PICU
ALMA'RUF KUSNAN YAN I, Amd. Kep	Nakes	VII	ICU / ICCU / PICU
ANDY INDIO HANDOKO, A.MD.KEP	Nakes	II/c	ICU / ICCU / PICU
Asri Effendi, Amd.Kep	Nakes	III/a	ICU / ICCU / PICU
BAGUS FANNI LUPUS, Amd.Kep	Nakes	VII	ICU / ICCU / PICU
DESSY ARIZONA, A.MD.KEP	Nakes	II/d	ICU / ICCU / PICU
DEWI YULIANA, A.Md.Kep	Nakes	II/d	ICU / ICCU / PICU
Dwi Septia, Amd.Kep	Nakes	III/a	ICU / ICCU / PICU
EDI HARTONO, A.MD.KEP	Nakes	III/d	ICU / ICCU / PICU
EKO SURYADIN, A.MD.KEP	Nakes	II/c	ICU / ICCU / PICU
FITRI YANTI, A.Md.Kep	Nakes	II/d	ICU / ICCU / PICU
FITRIYADI, A.Md.Kep	Nakes	III/c	ICU / ICCU / PICU
FRESILIA DAMAYANTI, A.MD.KEP	Nakes	II/c	ICU / ICCU / PICU
IRENE WARDHANI, Amd.Kep	Nakes	II/c	ICU / ICCU / PICU
JUMHURIAH HANDAYANI, A.MD.KEP	Nakes	III/a	ICU / ICCU / PICU
Kuat Haryani, A.Md.Kep	Nakes	III/c	ICU / ICCU / PICU
MARDHATILAH HASDIANASARI A.MD. KEP	Nakes	II/c	ICU / ICCU / PICU
MEYSI NUR, Amd.Kep	Nakes	VII	ICU / ICCU / PICU
Ns. Ahmad Syukri, S. Kep	Nakes	III/b	ICU / ICCU / PICU
NS.ANGGA P. L. OCTOBERLY, S.KEP	Nakes	III/b	ICU / ICCU / PICU
NS.RIZKIKA RAMADHANI, S.KEP	Nakes	III/a	ICU / ICCU / PICU
SUYATI, A.MD.KEP	Nakes	III/c	ICU / ICCU / PICU
Yessy Rachmawati, A.Md.Kep	Nakes	III/c	ICU / ICCU / PICU
Yogi Kurniawan, A.Md.Kep	Nakes	III/b	ICU / ICCU / PICU
AGUS SUBEKTI, Amd 	Nakes	III/b	INSTALASI ANESTESI
AHMAD RAFIQ,A.MD.KEP	Nakes	II/d	INSTALASI ANESTESI
DWI APRIANI PUTRI, STr. Kes	Nakes	IX	INSTALASI ANESTESI
FATHIA AMBARYANI, S.Tr.Kes	Nakes	IX	INSTALASI ANESTESI
Fitriasih Handayani, S.Kep	Nakes	III/d	INSTALASI ANESTESI
Harsono, S.Kep	Nakes	III/d	INSTALASI ANESTESI
Heri Susanto, Amd.Kep	Nakes	III/b	INSTALASI ANESTESI
MARLIANTO, SST A.Md.Kep	Nakes	III/b	INSTALASI ANESTESI
MIRZA BISRI, S.Tr.Kes	Nakes	IX	INSTALASI ANESTESI
MOHAMAD AZIS, A.MD.KEP	Nakes	III/c	INSTALASI ANESTESI
NAILUL ISTIQOMAH, Amd	Nakes	VII	INSTALASI ANESTESI
Ns.Mika Suwarti, S.Kep	Nakes	III/b	INSTALASI ANESTESI
ROBI ERLANZA MUKHLISIN, Amd Kep	Nakes	VII	INSTALASI ANESTESI
SEPTINA MEGARIA, S.Tr. Kes	Nakes	IX	INSTALASI ANESTESI
Sri Widodo, S.Kep	Nakes	IV/b	INSTALASI ANESTESI
SUDRAJAT, S.ST	Nakes	III/d	INSTALASI ANESTESI
WILA YULISTINA. S.Tr. Kes	Nakes	IX	INSTALASI ANESTESI
FERA HIKMARAMAYANTI, Amd,Kep	Nakes	VII	INSTALASI ANESTESI
ANNISA YULISTIAWATI, Amd.Rad	Nakes	VII	INSTALASI RADIOLOGI
BETI LAILI KURYANI, Amd. Rad	Nakes	VII	INSTALASI RADIOLOGI
CHRISTIAN EKA NUR ADI C.Amd.Rad	Nakes	II/c	INSTALASI CATH LAB
DAMAR ARDI PRASETYO, S.Tr.Rad	Nakes	III/a	INSTALASI RADIOLOGI
DEBY MARIA, Amd,Rad	Nakes	VII	INSTALASI RADIOLOGI
DINAR SCICILIA KUSMASYRI,S.Tr.Rd	Nakes	III/a	INSTALASI RADIOLOGI
DONA ERVINA ALI. Amd,Rad	Nakes	VII	INSTALASI RADIOLOGI
Edwin Saringat, S.ST	Nakes	IV/c	INSTALASI RADIOLOGI
EKO WIYATNO, Am.Rad	Nakes	II/c	INSTALASI RADIOLOGI
Erni Julia Br Bangun, S.S.T	Nakes	III/d	INSTALASI RADIOLOGI
IKHTIAR DEVI RINELLY. Amd.Rad	Nakes	II/c	INSTALASI RADIOLOGI
MUHAMMAD ALDO GINANJAR, Amd.Kep	Nakes	VII	INSTALASI RADIOLOGI
Muhammad Tri Budiawan, A.Md.Kep	Nakes	III/a	INSTALASI RADIOLOGI
MUTTAQIN MASYKUR, SST.,M.Tr.ID.	Nakes	III/c	INSTALASI RADIOLOGI
NUR HIDAYATI THAIB, S.Tr.Kes	Nakes	III/a	INSTALASI RADIOLOGI
RENNI PUSPITA SARI, S.Tr. Rad	Nakes	III/a	INSTALASI RADIOLOGI
REZKI OKTARIA, Am.Rad	Nakes	II/c	INSTALASI RADIOLOGI
RIZKI RAHMAWATI. S.Tr.Rad	Nakes	IX	INSTALASI RADIOLOGI
RIZKY SETIA NINGRUM, S.Tr.Kes	Nakes	III/a	INSTALASI RADIOLOGI
SADIANA, SST	Nakes	IV/b	INSTALASI RADIOLOGI
Sarif Hidayat, S.ST	Nakes	IV/a	INSTALASI RADIOLOGI
SHOFARINA NUR AZIZAH, Amd Rad	Nakes	II/c	INSTALASI RADIOLOGI
Utari, S.ST	Nakes	IV/b	INSTALASI RADIOLOGI
Widiyasti, A.Md.Kep	Nakes	III/b	INSTALASI RADIOLOGI
YOSEPHA VANIA DYAH AYU, S.Si	Nakes	III/a	INSTALASI RADIOLOGI
YOSI HERMITA SARI, Amd.Rad	Nakes	VII	INSTALASI RADIOLOGI
ANITA SEPTA NINGRUM, Amd. Farm	Nakes	II/c	ASISTEN APOTEKER/TTK
Astri Widiyani, S.Farm	Nakes	III/d	ASISTEN APOTEKER/TTK
AYU RAHMITA, A.Md.Farmasi	Nakes	II/d	ASISTEN APOTEKER/TTK
DIANA APRILIA, Amd.Farm	Nakes	II/c	ASISTEN APOTEKER/TTK
DINA KAMILA, A.MF	Nakes	III/b	ASISTEN APOTEKER/TTK
ELSA APRIZA PUTRI, Amd.Far	Nakes	VII	ASISTEN APOTEKER/TTK
EMELIA ELIZA JEANE K, A.Md.F	Nakes	II/d	ASISTEN APOTEKER/TTK
EMI MARLINA, A.Md.F	Nakes	VII	ASISTEN APOTEKER/TTK
EMILDA YASIR. S.Si. Apt	Nakes	X	ASISTEN APOTEKER/TTK
IDA YULIANI	Nakes	III/d	ASISTEN APOTEKER/TTK
Islamiyatun	Nakes	III/c	ASISTEN APOTEKER/TTK
LESI ASTINA, A.Md.Farm	Nakes	VII	ASISTEN APOTEKER/TTK
Lina Yulianawaty Susilo, S.Farm	Nakes	III/b	ASISTEN APOTEKER/TTK
MEYTI FITRIANI, A.Md.Farm	Nakes	III/b	ASISTEN APOTEKER/TTK
MUHAMAD AULIA RAHMAN, AMF	Nakes	II/d	ASISTEN APOTEKER/TTK
NIA TRI LESTARI, A,Md. Farm	Nakes	II/c	ASISTEN APOTEKER/TTK
NURUL KHODIJAH, Amd,Far	Nakes	VII	ASISTEN APOTEKER/TTK
ROBERT M, S. Farm., Apt	Nakes	X	ASISTEN APOTEKER/TTK
S. NUR INTANIA IBRAHIM, Amd.Farm	Nakes	VII	ASISTEN APOTEKER/TTK
SALMAH, A.Md.FM	Nakes	III/b	ASISTEN APOTEKER/TTK
Shinta	Nakes	II/d	ASISTEN APOTEKER/TTK
Susi Sihombing, A.Md. AFM	Nakes	III/c	ASISTEN APOTEKER/TTK
TAMI LEDIANI, Amd.Farm	Nakes	VII	ASISTEN APOTEKER/TTK
Umi Kalsum, Apt	Nakes	III/b	ASISTEN APOTEKER/TTK
WINDA YULIANTI, A.Md.F	Nakes	II/d	ASISTEN APOTEKER/TTK
Yeni Olivia, A.Md. F	Nakes	VII	ASISTEN APOTEKER/TTK
Yuli Priyani, A.Md.F	Nakes	III/b	ASISTEN APOTEKER/TTK
Yuli Yeni	Nakes	III/d	ASISTEN APOTEKER/TTK
YUNITAULY HUTAGALUNG, Amd.F	Nakes	II/c	ASISTEN APOTEKER/TTK
ANGGREHENI INTAN S S.Gz	Nakes	IX	INSTALASI GIZI
Asep Jalaludin Saleh, SKM.M.Gz	Nakes	III/c	INSTALASI GIZI
AYU CAHYAKU MENTARI, Amd.Gz	Nakes	VII	INSTALASI GIZI
DONNA ARYANTI AZRIL, Amd.Gz	Nakes	VII	INSTALASI GIZI
Fatmawati Yustini, S. Gz	Nakes	III/d	INSTALASI GIZI
Helna Danila, SKM	Nakes	III/d	INSTALASI GIZI
Hikmah Isnaini O, S.Tr.Gz	Nakes	III/b	INSTALASI GIZI
MARTHA FARAMEITA R, S.Gz	Nakes	IX	INSTALASI GIZI
Misini, AMG	Nakes	III/c	INSTALASI GIZI
Nurhikmah, S. Gz	Nakes	III/b	INSTALASI GIZI
Putri Aini, S,KM	Nakes	III/d	INSTALASI GIZI
RANO KURNIAWAN, S.Gz	Nakes	IX	INSTALASI GIZI
REISA AGUSTIN, Amd.Gz	Nakes	VII	INSTALASI GIZI
Susmalini, SKM., MKM	Nakes	III/d	INSTALASI GIZI
Utia Putri Amanati, AMG	Nakes	III/b	INSTALASI GIZI
Yuni Mastuti, S. Gz	Nakes	III/d	INSTALASI GIZI
Adhyta Ramadhany, S.T	Nakes	III/b	INSTALASI REHABILITASI MEDIK
AFILIANI HIDAYATI, Amd. Ftr	Nakes	II/c	INSTALASI REHABILITASI MEDIK
ANDIKA, AMK	Nakes	VII	INSTALASI REHABILITASI MEDIK
ANDRY BASKARA IB, Amd.Ft	Nakes	VII	INSTALASI REHABILITASI MEDIK
ANGGRAINI FATMA HARDI, Amd.Kes	Nakes	II/c	INSTALASI REHABILITASI MEDIK
Anisha Fitriani, A.Md.Ft	Nakes	VII	INSTALASI REHABILITASI MEDIK
DIAH SULISTIO SUKOCO, Amd.Ftr	Nakes	II/c	INSTALASI REHABILITASI MEDIK
Elida Irawati Sinaga	Nakes	III/c	INSTALASI REHABILITASI MEDIK
MELISA TAMIMI, S.Ft. Ftr	Nakes	IX	INSTALASI REHABILITASI MEDIK
Meriyanti Cintia, A.Md. OT	Nakes	III/b	INSTALASI REHABILITASI MEDIK
MIA ISNAINI, Amd. Ft	Nakes	VII	INSTALASI REHABILITASI MEDIK
NELI  ASNUTI, Amd. Ft	Nakes	VII	INSTALASI REHABILITASI MEDIK
Novemi Andri Kurniasanti, A.Md.F	Nakes	III/b	INSTALASI REHABILITASI MEDIK
Septia Arumningtyas M, A.Md.OT	Nakes	III/b	INSTALASI REHABILITASI MEDIK
Tri Oktavianti, A.K.S	Nakes	III/d	INSTALASI REHABILITASI MEDIK
Wiwid Utami	Nakes	III/c	INSTALASI REHABILITASI MEDIK
ADE SRI LESTARI, S.Tr. Kes	Nakes	IX	INSTALASI LAB PATOLOGI KLINIK
Amalyn Mulya Ulfa, S.Tr.Kes	Nakes	III/b	INSTALASI LAB PATOLOGI KLINIK
BELLA NATA FITRI, S.Tr. Kes	Nakes	IX	INSTALASI LAB PATOLOGI KLINIK
Christina, SST	Nakes	IV/b	INSTALASI LAB PATOLOGI KLINIK
DHEA FRIYUNISA ANANDA, S.Tr.Kes	Nakes	IX	INSTALASI LAB PATOLOGI KLINIK
DIAN KUSUMANINGRUM B, AMD.AK	Nakes	III/b	INSTALASI LAB PATOLOGI KLINIK
DIANA PUTRI VERONIKA, S.Tr. Kes	Nakes	IX	INSTALASI LAB PATOLOGI KLINIK
Edi Sucahyo, A.Md.AK	Nakes	III/d	INSTALASI LAB PATOLOGI KLINIK
ERIC ARNALDO CANTONA, Amd,Kes	Nakes	VII	INSTALASI LAB PATOLOGI KLINIK
FAUZI  ALAIK R, Amd.AK	Nakes	VII	INSTALASI LAB PATOLOGI KLINIK
FENIE REZKAWATI, Amd. Kes	Nakes	VII	INSTALASI LAB PATOLOGI KLINIK
Hana Kumari, A.Md	Nakes	III/d	INSTALASI LAB PATOLOGI KLINIK
IMAS NOVIANA, S.Tr. Kes	Nakes	IX	INSTALASI LAB PATOLOGI KLINIK
IRMA SURI, S.ST	Nakes	IV/c	INSTALASI LAB PATOLOGI KLINIK
Jeskarina, SST	Nakes	III/d	INSTALASI LAB PATOLOGI KLINIK
Khoironi Fitriany, SKM., M.K.M	Nakes	III/d	INSTALASI LAB PATOLOGI KLINIK
LAIL IMAM ROMADHON, Amd. AK	Nakes	VII	INSTALASI LAB PATOLOGI KLINIK
Lasiyem, A.Md	Nakes	III/d	INSTALASI LAB PATOLOGI KLINIK
Mulyani Prihastuti, SST	Nakes	IV/b	INSTALASI LAB PATOLOGI KLINIK
NELI ETIKA, S.ST	Nakes	IV/c	INSTALASI LAB PATOLOGI KLINIK
NIA MARIANA, Amd. AK	Nakes	VII	INSTALASI LAB PATOLOGI KLINIK
Novita Sari, S.Tr. Kes	Nakes	III/b	INSTALASI LAB PATOLOGI KLINIK
NURAINI, S.ST	Nakes	III/d	INSTALASI LAB PATOLOGI KLINIK
Riantika Wulandari Praja, A.Md.A	Nakes	III/a	INSTALASI LAB PATOLOGI KLINIK
RITA HARTATI, S.Tr. Kes	Nakes	III/d	INSTALASI LAB PATOLOGI KLINIK
ROBBY DEWAN TANJUNG, Amd.AK	Nakes	VII	INSTALASI LAB PATOLOGI KLINIK
SILVANO ADHARANA, S.Tr. Kes	Nakes	IX	INSTALASI LAB PATOLOGI KLINIK
SOFIANI, Amd. AK	Nakes	VII	INSTALASI LAB PATOLOGI KLINIK
Sri Ari Isnaini, SST, M.KM	Nakes	III/d	INSTALASI LAB PATOLOGI KLINIK
SUHERMAN, A.MD.AK	Nakes	II/d	INSTALASI LAB PATOLOGI KLINIK
Syamsinar, S.ST., M.Si	Nakes	IV/a	INSTALASI LAB PATOLOGI KLINIK
Tri Asih Widayanti, A.Md.AK	Nakes	III/a	INSTALASI LAB PATOLOGI KLINIK
WAHYU YULIANTI, S.ST	Nakes	IV/c	INSTALASI LAB PATOLOGI KLINIK
YETRI YULIANA, S.ST	Nakes	III/d	INSTALASI LAB PATOLOGI KLINIK
Yosi Marlina, SST	Nakes	IV/c	INSTALASI LAB PATOLOGI KLINIK
Yudi Hardiyanto, SST	Nakes	IV/a	INSTALASI LAB PATOLOGI KLINIK
YULIANA PRADITA, Amd.Kes	Nakes	VII	INSTALASI LAB PATOLOGI KLINIK
YUNANI AFRIYANTIE, S.ST	Nakes	IV/b	INSTALASI LAB PATOLOGI KLINIK
Achmad Syahroni, S.Tr.Kes	Nakes	III/c	INSTALASI PATOLOGI ANATOMI
DESTIANA PUTRI PUGURA, A.MD.AK	Nakes	III/b	INSTALASI PATOLOGI ANATOMI
DIKI AKROMAL, S.Tr.Kes	Nakes	IX	INSTALASI PATOLOGI ANATOMI
DY USWATUN HASANAH, Amd. AK	Nakes	VII	INSTALASI PATOLOGI ANATOMI
Meta Anggreani, A.Md.AK	Nakes	III/b	INSTALASI PATOLOGI ANATOMI
PUTRI NOVIANA SARI, Amd,Kes	Nakes	VII	INSTALASI PATOLOGI ANATOMI
RAIDAH HANIFAH, S.Tr. Kes	Nakes	IX	INSTALASI PATOLOGI ANATOMI
Kausar	Nakes	II/d	INSTALASI FORENSIK
Rudy Yanuardi, A.Md.Kep	Nakes	III/b	INSTALASI FORENSIK
SUSILO,S.KEP	Nakes	III/b	INSTALASI FORENSIK
Totok Subroto, A.Md.Kep	Nakes	III/c	INSTALASI FORENSIK
Fajarudin, S.Kep, MM	Nakes	III/d	INSTALASI MEDICAL CHECK UP
MERRI NINTA S, S.ST	Nakes	III/c	INSTALASI MEDICAL CHECK UP
Ns. ERYKA LUSIYANTI, S.Kep	Nakes	III/d	R. PBH LANTAI 1
Roslina	Nakes	II/c	INSTALASI MEDICAL CHECK UP
Ahmad Suprayitno	Nakes	II/d	UNIT TRANSFUSI DARAH (UTD-RS)
ANA NUR AISAH JUMAINI, A.MD.AK	Nakes	II/d	UNIT TRANSFUSI DARAH (UTD-RS)
BELLA YUSTINAGI, Amd.Kes	Nakes	II/c	UNIT TRANSFUSI DARAH (UTD-RS)
Cahyo Kuntono, A.Md.AK	Nakes	III/b	UNIT TRANSFUSI DARAH (UTD-RS)
DINDA RENITA RAMADHANI, S.Tr.Keb	Nakes	IX	UNIT TRANSFUSI DARAH (UTD-RS)
Dwi Febriana Wardi Astuti, S.KEP	Nakes	IX	UNIT TRANSFUSI DARAH (UTD-RS)
EGHA SARI YUANDA, Amd.Kep	Nakes	VII	UNIT TRANSFUSI DARAH (UTD-RS)
EKA SINTA PRATIWI	Nakes	V	UNIT TRANSFUSI DARAH (UTD-RS)
Fatya Anggraini Pertiwi, A.Md.Kes	Nakes	VII	UNIT TRANSFUSI DARAH (UTD-RS)
FEBRI RAHMAWATI, Amd. Kep	Nakes	VII	UNIT TRANSFUSI DARAH (UTD-RS)
FITRI MEILINDA, S.Tr.Keb	Nakes	IX	UNIT TRANSFUSI DARAH (UTD-RS)
HENDRY VISCO RAHMADHI, Amd.AK	Nakes	VII	UNIT TRANSFUSI DARAH (UTD-RS)
KIKI ANDRIYANI, S.Tr.Kes	Nakes	III/b	INSTALASI LAB PATOLOGI KLINIK
KUSRIADI, S.Tr.Kes	Nakes	III/d	UNIT TRANSFUSI DARAH (UTD-RS)
Novita Silvarina, A.Md.AK	Nakes	III/b	UNIT TRANSFUSI DARAH (UTD-RS)
Ns.Nurhamid, S.Kep	Nakes	III/c	UNIT TRANSFUSI DARAH (UTD-RS)
Rahmi Nidalia, S.Tr.Kes	Nakes	III/b	UNIT TRANSFUSI DARAH (UTD-RS)
SALAM HARI AKBAR, Amd.Kes	Nakes	II/c	UNIT TRANSFUSI DARAH (UTD-RS)
SARAH SYAFIRA, Amd.Kes	Nakes	VII	UNIT TRANSFUSI DARAH (UTD-RS)
Satri Indiyani, A.Md.AK	Nakes	III/d	UNIT TRANSFUSI DARAH (UTD-RS)
SETIYANA, Amd.Kes	Nakes	II/c	UNIT TRANSFUSI DARAH (UTD-RS)
Sri Hidayat S, A.Md.Kep	Nakes	III/b	UNIT TRANSFUSI DARAH (UTD-RS)
SUCI ANIZA PUTRI, Amd.Kes	Nakes	II/c	UNIT TRANSFUSI DARAH (UTD-RS)
TRI ANDES SINAGA, A.MD. AK	Nakes	III/b	UNIT TRANSFUSI DARAH (UTD-RS)
YESI INDRAYANI, A.Md.Kes	Nakes	vii	UNIT TRANSFUSI DARAH (UTD-RS)
Edi Endarto, S. Kep	Nakes	III/d	INSTALASI HEMODIALISA
Elvan Damayka, Amd. Kep	Nakes	II/d	INSTALASI HEMODIALISA
Endang Sukmawati, A.Md.Kep	Nakes	III/b	INSTALASI HEMODIALISA
M.RAKA PRATAMA PUTRA, A.MD.KEP	Nakes	II/c	INSTALASI HEMODIALISA
Manap Putra, S.Kep	Nakes	III/b	INSTALASI HEMODIALISA
MUHAMMAD IQBAL ISKANDAR, Amd.Kep	Nakes	VII	INSTALASI HEMODIALISA
Ns. AGUS TRI WIYONO, S.Kep	Nakes	X	INSTALASI HEMODIALISA
Ns. GALUH PRABAWATI UTAMI, S.Kep	Nakes	X	INSTALASI HEMODIALISA
Ns. Nirwani, S.ST	Nakes	III/d	INSTALASI HEMODIALISA
Ns. YOLA LUPITA, S.Kep	Nakes	III/b	INSTALASI HEMODIALISA
Ns.Ahmad Zulian Mulkan, S.Kep	Nakes	III/d	INSTALASI HEMODIALISA
Ns.Mirta, S.Kep	Nakes	III/d	INSTALASI HEMODIALISA
Nurlela, A.Md.Kep	Nakes	III/b	INSTALASI HEMODIALISA
Raesita Kurnia, A.Md.Kep	Nakes	II/d	INSTALASI HEMODIALISA
Rini Sapriany, S.Kep	Nakes	III/b	INSTALASI HEMODIALISA
SUAINI YULYANTI, S.Kep	Nakes	III/b	INSTALASI HEMODIALISA
Syamroni, A.Md.Kep	Nakes	III/a	INSTALASI HEMODIALISA
WAHYU PIDADA, Amd.Kep	Nakes	VII	INSTALASI HEMODIALISA
YANI RENVILIA, Amd.Kep	Nakes	VII	INSTALASI HEMODIALISA
Yudi Hartono, A.Md. kep	Nakes	III/b	INSTALASI HEMODIALISA
Yuliansyah, A.Md	Nakes	III/b	INSTALASI HEMODIALISA
Ahmad Fauzi, A.Mk	Nakes	III/c	INSTALASI ENDOSCOPY
EKO WIDIANTO, Amd.Kep	Nakes	VII	INSTALASI ENDOSCOPY
FEBRIYANA SAPUTRI NARA, Amd. Kep	Nakes	II/c	INSTALASI ENDOSCOPY
EKA RUSTINA, Amd.Kep	Nakes	VII	INSTALASI CSSD
HENDRIANSYAH, Amd. Kep	Nakes	VII	INSTALASI CSSD
Milzan Faliandra, A.Md.Kep	Nakes	III/d	INSTALASI CSSD
Mohammad Amdy Dwi Putra.Amd.F	Nakes	II/d	INSTALASI CSSD
WIWIT PURNAWAN, Amd.Kep	Nakes	VII	INSTALASI CSSD
HENDRA SAPUTRA, A.MD. KEP	Nakes	II/c	INSTALASI CATH LAB
Narda Riki, S.Kep	Nakes	III/b	INSTALASI CATH LAB
Ns,Arif Nurrohman,S.Kep	Nakes	III/b	INSTALASI CATH LAB
Ns. Yuli Lestari, S.Kep	Nakes	III/b	INSTALASI CATH LAB
NS. ZAINAL ABIDIN, S.KEP	Nakes	III/d	INSTALASI CATH LAB
Prasetyo Nugroho, A.Md.Rad	Nakes	III/c	INSTALASI CATH LAB
Rhany Meihendarni, A.Md.Kep	Nakes	III/a	INSTALASI CATH LAB
Sumarni, S.Kep	Nakes	III/b	INSTALASI CATH LAB
Tri Ichwani, S.ST	Nakes	IV/a	INSTALASI CATH LAB
Ns. WAHYU SETIOKO, S.Kep	Nakes	III/c	INSTALASI CATH LAB
Yudi Putra, A.Md.Kep	Nakes	III/b	INSTALASI CATH LAB
RAFLI FILANO, S.Si.,M.T 	Nakes	-	INSTALASI RADIOTERAPI
AJI WIDI CAHYADI, Amd.Rad	Nakes	II/c	INSTALASI RADIOTERAPI
ALOYSIA LORENA S D.S.Tr.Rad	Nakes	III/b	INSTALASI RADIOTERAPI
ANDRI ELZAR, S.ST	Nakes	III/b	INSTALASI RADIOTERAPI
ANIK NURREZA, S.Tr. Kes	Nakes	III/a	INSTALASI RADIOTERAPI
ANITA YULIANA, Amd.Rad	Nakes	II/c	INSTALASI RADIOTERAPI
BAGUS SUSANTO, S.Tr. Rad	Nakes	III/a	INSTALASI RADIOTERAPI
Bayu Pranoto, AMd.Rad	Nakes	VII	INSTALASI RADIOTERAPI
Cahya Wulandari, M.Si	Nakes	-	INSTALASI RADIOTERAPI
FAJRIN ESA PUTRA, S.Si	Nakes	III/a	INSTALASI RADIOTERAPI
Fifin Aprina, S.Kep	Nakes	III/c	INSTALASI RADIOTERAPI
HASBUNALLAH ANWAR, S.Tr.Kes(Rad)	Nakes	III/a	INSTALASI RADIOTERAPI
Joko Heriyanto, A.Md. Kep	Nakes	III/b	INSTALASI RADIOTERAPI
LUSI APRIYANTI, Amd.Rad	Nakes	VII	INSTALASI RADIOTERAPI
Ns. DWI AMALIA ANGGRAINI, S.Kep	Nakes	X	INSTALASI RADIOTERAPI
Ns. HENI MUSHIDAYATI, S.Kep	Nakes	X	INSTALASI RADIOTERAPI
Ns. MULYA DESVIKO, S.Kep	Nakes	X	INSTALASI RADIOTERAPI
NS.Siti Nursondang, S.Kep	Nakes	III/d	INSTALASI RADIOTERAPI
Sholihin	Nakes	II/d	INSTALASI RADIOTERAPI
Talhawi, S.ST	Nakes	III/d	INSTALASI RADIOTERAPI
WILDANY ADZMI, S.Tr. Rad	Nakes	III/a	INSTALASI RADIOTERAPI
ARY WIDYASTUTI, Amd. Kes	Nakes	VII	INSTALASI MIKROBIOLOGI
LISDA OKTAVIA, Amd.Kes	Nakes	VII	INSTALASI MIKROBIOLOGI
MARLINA, Amk, AK	Nakes	VII	INSTALASI MIKROBIOLOGI
Neneng Kurnia Mayasari, S.Tr.Kes	Nakes	III/d	INSTALASI MIKROBIOLOGI
OKTAVIA PUSPA DEWI, Amd.Kes	Nakes	VII	INSTALASI MIKROBIOLOGI
RISKY MESSYANA, Amd. Kes	Nakes	VII	INSTALASI MIKROBIOLOGI
YOGI ALAN NUANSA PUTRA, Amd.Rad	Nakes	II/c	INSTALASI RADIOLOGI
ANTIKA CAHYANINGRUM, A.Md.Kes	Nakes	II/c	SUB BAGIAN REKAM MEDIK 2
CITRA PUSPITA SARI, A.Md	Nakes	II/c	SUB BAGIAN REKAM MEDIK 2
FATSHOL NURUL F, Amd	Nakes	VII	SUB BAGIAN REKAM MEDIK 2
Masro Dewi, A.Md	Nakes	III/b	SUB BAGIAN REKAM MEDIK 2
RAHMI YOLANDA, A.Md	Nakes	II/c	SUB BAGIAN REKAM MEDIK 2
RAMADHANTI MARYANTO, A.Md.RMIK	Nakes	II/c	SUB BAGIAN REKAM MEDIK 2
SHERLY MEIRITA ANDANI, A.Md.RMIK	Nakes	II/c	SUB BAGIAN REKAM MEDIK 2
SITI FATIMAH. Amd.PK	Nakes	VII	SUB BAGIAN REKAM MEDIK 2
Sulistiowati, Amd	Nakes	III/a	SUB BAGIAN REKAM MEDIK 2
Trisnawati, A.Md	Nakes	III/b	SUB BAGIAN REKAM MEDIK 2
Ficky Aji Bimantara	Nakes	II/c	SUB BAGIAN REKAM MEDIK 2
ARYANTI, SKM	Nakes	III/c	UNIT KESEHATAN DAN KESELAMATAN KERJA (K3
DEDE YUYUN WAHYUNI, Amd.KL	Nakes	II/c	UNIT KESEHATAN DAN KESELAMATAN KERJA (K3
TRI PUJI ASTUTI, SKM	Nakes	III/a	UNIT KESEHATAN DAN KESELAMATAN KERJA (K3
Renita Sari, SKM	Nakes	III/b	INSTALASI PROMOSI KESEHATAN RS (PKRS)
Winarsih,SKM	Nakes	III/b	INSTALASI PROMOSI KESEHATAN RS (PKRS)
EZI JULISKY, Amd,KL	Nakes	II/c	INSTALASI KESEHATAN LINGKUNGAN
FERLINIA FITRI, SKM	Nakes	III/c	INSTALASI KESEHATAN LINGKUNGAN
FIRGIY ANITASARIY, Amd.Kes	Nakes	VII	INSTALASI KESEHATAN LINGKUNGAN
RISKY PUTRA  ANGGARA, Amd.KL	Nakes	VII	INSTALASI KESEHATAN LINGKUNGAN
RIZTANTI CLARA PUTRI, Amd. Kes	Nakes	II/c	INSTALASI KESEHATAN LINGKUNGAN
SUBHI  ASITA, Amd.KL	Nakes	II/c	INSTALASI KESEHATAN LINGKUNGAN
YESIKA CITRA PERTIWI, S.Tr.KL	Nakes	IX	INSTALASI KESEHATAN LINGKUNGAN
YORANO ORTEGA, Amd.KL	Nakes	VII	INSTALASI KESEHATAN LINGKUNGAN
AGNEST FARIDA, A.Md	Nakes	II/d	INSTALASI PEMELIHARAAN PERALATAN MEDIS
ARIEF HADI WIJANARKO. Amd.T	Nakes	II/c	INSTALASI PEMELIHARAAN PERALATAN MEDIS
BERLIANTO CAHYADI, Amd.T	Nakes	II/c	INSTALASI PEMELIHARAAN PERALATAN MEDIS
FAJAR SIDIQ RIZKIAWAN, A.Md	Nakes	II/d	INSTALASI PEMELIHARAAN PERALATAN MEDIS
YUFA  AGISTA, AMTE	Nakes	II/c	INSTALASI PEMELIHARAAN PERALATAN MEDIS
Ns. Eko Harsono, S.Kep	Nakes	IV/a	INSTALASI BEDAH SENTRAL
FITRI YANTI HERLINDA S, M.Psi	Psikolog Klinis	III/b	PSIKOLOG KLINIS
Andriani Amiza, S.Si.Apt	Apoteker	IV/a	APOTEKER
Anton Pratama, S.Farm, Apt	Apoteker	III/d	APOTEKER
Dewi Marlina, S.Si, Apt	Apoteker	IV/c	APOTEKER
DYAH ERAWATI, S.Farm., Apt	Apoteker	III/b	APOTEKER
Farida, S.Si.Apt. MM	Apoteker	IV/b	APOTEKER
LIZA FITTRIA SARI,S.SI.APT	Apoteker	IV/b	APOTEKER
MIRZA JUNANDO, APT, M.FARM, KLIN	Apoteker	IV/a	APOTEKER
NAIMA NURAINI, S.Farm., Apt	Apoteker	III/b	APOTEKER
NOEFA KHATRIDA,S.SI. APT	Apoteker	IV/c	APOTEKER
Romatumiur, S.Si, Apt.	Apoteker	IV/c	APOTEKER
TETTY SYAFRIDANI, S.SI, APT,M.SI	Apoteker	IV/c	APOTEKER
WAYAN CHINTIA YUNITA, S.Farm.Apt	Apoteker	III/b	APOTEKER
RANTI YULIA FAIZAL, S.FARM., Apt	Apoteker	III/d	APOTEKER
Drs. Surya Manaor Tua, Apt	Apoteker	IV/d	APOTEKER
dr. Aminah Zahra	Dokter Umum	X	DOKTER IGD
dr. Aqil Maulana Akbar	Dokter Umum	X	DOKTER IGD
dr. Nirmala Astri Prayogi	Dokter Umum	X	DOKTER IGD
dr. Rezky Novia Indriani	Dokter Umum	X	DOKTER IGD
dr. Rosi Indah Pratama	Dokter Umum	X	DOKTER IGD
dr. Lilis Sumarni	Dokter Umum	IV/a	DOKTER IGD
dr. Agnesi Zahrah Fadhilah	Dokter Umum	III/c	SMF UMUM
dr. Alfira Lia Hanum	Case Manager	III/c	CASE MANAGER
dr. Annisa Mardhiyyah	Dokter Umum	X	KEPALA INSTALASI NON ESELON
dr. Etty Ning Laksmi Hendrayanti	Dokter Umum	IV/e	SMF UMUM
dr. Lita Marlinda	Dokter Umum	III/c	SUB BIDANG SUMBER DAYA PELAYANAN MEDIK
dr. Luqmanul Hakim	Dokter Umum	X	SMF UMUM
dr. Ni Made Agusuriyani Diana P	Dokter Umum	X	SMF UMUM
dr. Yeni Oktarina	Dokter Umum	IV/a	SMF UMUM
dr. Cici Desmayanti	Case Manager	IV/b	CASE MANAGER
dr. Deviani Utami	Case Manager	III/c	CASE MANAGER
dr. Fahmi Aulia	Case Manager	III/c	CASE MANAGER
dr. Laisa Muliati, MARS	Case Manager	IV/c	CASE MANAGER
dr. Muhalla Mirza Primanda	Case Manager	III/b	CASE MANAGER
dr. Putri Prapita Sari	Case Manager	III/b	CASE MANAGER
dr. Ratna Adiningtyas	Case Manager	IV/c	CASE MANAGER
dr. Siska Juliana Pesawik	Case Manager	IV/a	CASE MANAGER
dr. Teddy Wahyudianto	Case Manager	IV/a	CASE MANAGER
dr. TRI AGUNG WIBOWO	Case Manager	X	CASE MANAGER
dr. Triana Iswardani	Case Manager	III/c	CASE MANAGER
dr. Zandika Hardy Harahap	Case Manager	III/c	CASE MANAGER
dr. Agung Lestari	Case Manager	IV/a	CASE MANAGER
dr. Anne Fitriyana Jayanegara, MKM	Case Manager	IV/c	CASE MANAGER
dr. Eka Prasetyawati	Case Manager	III/c	CASE MANAGER
dr. Elyzabeth Laura	Case Manager	III/d	CASE MANAGER
dr. Farah Karina Charismaputri	Case Manager	III/d	CASE MANAGER
dr. Lisa Novianti	Case Manager	III/d	CASE MANAGER
dr. Tri Novendro	Case Manager	III/d	CASE MANAGER
dr. Yulia Rossi	Case Manager	IV/a	CASE MANAGER
dr. M. Syamsu Ramadhan	Ka. Inst Uronefro	IV/b	DOKTER IGD
dr. Yuliana Indiani, M.M,. M.Kes	Ka. Krisis	IV/d	PUSAT KRISIS DAN DATA KESEHATAN
drg. Dyah Dwi Setiawati	Dokter Gigi	IV/b	SMF GILUT
drg. Martha Yolinta	Dokter Gigi	IV/b	SMF GILUT
drg. Aprita Sharfina Linata	Dokter Gigi	IV/a	SMF GILUT
dr, ALI IMRON Y, Sp.PD	Dokter Spesialis	-	SMF PENYAKIT DALAM
dr. Carolina Hajir, Sp.PD	Dokter Spesialis	III/d	SMF PENYAKIT DALAM
dr. Pieter Saragih, Sp.PD., KGEH	Dokter Spesialis	III/b	SMF PENYAKIT DALAM
dr. RICKY RIVALINO SITEPU, Sp.P.D	Dokter Spesialis	III/c	SMF PENYAKIT DALAM
dr. ADE YONATA, SP.PD-KGH., M.MOLBIOL	Dokter Spesialis	III/d	SMF PENYAKIT DALAM
dr. Ira Laurentika, Sp.PD, KEMD	Dokter Spesialis	IV/a	SMF PENYAKIT DALAM
dr. Juspeni Kartika, Sp.PD (K)	Dokter Spesialis	IV/a	SMF PENYAKIT DALAM
dr. Rina Kriswiastiny, Sp.PD, K-R	Dokter Spesialis	IV/a	SMF PENYAKIT DALAM
dr. Tehar Karo Karo, Sp.PD	Dokter Spesialis	IV/d	SMF PENYAKIT DALAM
dr. AGUNG PRASETYO N, Sp.U	Dokter Spesialis	III/b	SMF BEDAH
dr. AWANG DYAN PURNOMO,Sp.U	Dokter Spesialis	XI	SMF BEDAH
dr. Billy Rosan,Sp.BA.DA(K)	Dokter Spesialis	III/c	SMF BEDAH
dr. EXSA HADIBRATA, Sp.U	Dokter Spesialis	III/d	SMF BEDAH
dr. FAISOL DARMAWAN, Sp. BA	Dokter Spesialis	XI	SMF BEDAH
dr. HELMI ISMUNANDAR, Sp.OT	Dokter Spesialis	III/d	SMF BEDAH
dr. HENGKY PRABOWO IRIANTO, Sp.B, SubspBD(F)fiNAcs	Dokter Spesialis	III/d	SMF BEDAH
dr. M Danasha Utomo, Sp. B.T.K.V	Dokter Spesialis	III/B	SMF BEDAH
dr. MOHAMAD BAYU SAHADEWA, Sp.OT	Dokter Spesialis	XI	SMF BEDAH
dr. MUHAMAD YUNUS, Sp.BS	Dokter Spesialis	IV/b	SMF BEDAH
dr. Muhammad Fikri Aulia, Sp.B	Dokter Spesialis	III/c	SMF BEDAH
dr. MUHAMMAD SATRIA , Sp.B	Dokter Spesialis	III/b	SMF BEDAH
dr. NURUL AZIZAH BUSTAM, Sp.BA	Dokter Spesialis	III/c	SMF BEDAH
dr. ROMI SAPUTRA, Sp.B	Dokter Spesialis	III/b	SMF BEDAH
dr. Thurman Hasudungan S, Sp.OT	Dokter Spesialis	IV/a	SMF BEDAH
dr. Ahmad Fauzi, Sp.OT (K)., M.Epid	Dokter Spesialis	III/d	SMF BEDAH
dr. Bintang Abadi Siregar, Sp.B (K) Onk	Dokter Spesialis	-	SMF BEDAH
dr. BOBBY SWADARMA PUTERA, SP.BPRE	Dokter Spesialis	IV/b	SMF BEDAH
dr. Mizar Erianto, Sp.B (K) Onk	Dokter Spesialis	III/b	SMF BEDAH
dr. Saut Hutagalung, Sp.U	Dokter Spesialis	IV/d	SMF BEDAH
dr. Yanuar Wicaksana Sumasta, Sp.U	Dokter Spesialis	III/d	SMF BEDAH
dr. Yeni Eka Jayanti, Sp.BS	Dokter Spesialis	III/d	SMF BEDAH
dr.Lukman Pura, Sp.PD.,K-GH.MHSM	Dokter Spesialis	IV/c	SMF PENYAKIT DALAM
drg. HENRY OCTOVIANUS, Sp.KG	Dokter Spesialis	III/d	SMF GILUT
drg. IRSAN KURNIAWAN Sp.BM (K)	Dokter Spesialis	III/d	SMF GILUT
drg. KUSTINI INDAH S, SP.KGA	Dokter Spesialis	III/d	SMF GILUT
drg. Nelly Nainggolan. Sp.PM	Dokter Spesialis	III/d	SMF GILUT
drg. WIDYA AGUNG P., Sp.Ort	Dokter Spesialis	III/c	SMF GILUT
drg. Agus Salim, Sp.BM (K)	Dokter Spesialis	IV/c	SMF GILUT
dr. ISMI CITRA ISMAIL, Sp. A (K)	Dokter Spesialis	-	SMF ANAK
dr. LENI ERVINA, Sp.A (K)., M.Kes	Dokter Spesialis	IV/a	SMF ANAK
dr. M. TAUFIK PERWIRA W, Sp.A	Dokter Spesialis	III/B	SMF ANAK
dr. Melisha Lisman Gaya, Sp.A	Dokter Spesialis	III/b	SMF ANAK
dr. OKTADONI SAPUTRA, Sp.A., MSc	Dokter Spesialis	III/c	SMF ANAK
dr. Roro Rukmi Windi P, Sp.A., M.Kes	Dokter Spesialis	III/d	SMF ANAK
dr. SHINTA NARESWARI, Sp.A	Dokter Spesialis	III/c	SMF ANAK
dr. Elvi Suryati, Sp.A (K)	Dokter Spesialis	IV/a	SMF ANAK
dr. Laili Indah Kusumawati Sp.A (K)	Dokter Spesialis	III/c	SMF ANAK
dr. PRAMBUDI RUKMONO, SP.A (K)	Dokter Spesialis	IV/c	SMF ANAK
Dr. dr. R. Bagus P, Sp.A (K), M.Kes	Dokter Spesialis	IV/a	SMF ANAK
dr. Rani Himayani, Sp. M	Dokter Spesialis	III/b	SMF MATA
dr. Aryanti, Sp.M	Dokter Spesialis	IV/b	SMF MATA
dr. M.Yusran, Sp.M, M.sc	Dokter Spesialis	III/b	SMF MATA
dr. Sisca Mayasari, Sp.M	Dokter Spesialis	III/c	SMF MATA
dr. ACHMAD GOZALI, Sp.P	Dokter Spesialis	X	SMF PARU
dr. FRANSISCA TARIDA ,Sp.P,M.Kes	Dokter Spesialis	XI	SMF PARU
dr. LUCKY TOGIHON HARJANTHO,Sp.P	Dokter Spesialis	III/B	SMF PARU
Dr. dr. SUKARTI, Sp.P (K). M.KES	Dokter Spesialis	IV/b	SMF PARU
dr. Alfi Rizky Medikanto, Sp.N	Dokter Spesialis	-	SMF SYARAF
dr. Fidha Rahmayani, M.Sc,Sp.S	Dokter Spesialis	III/c	SMF SYARAF
dr. Fitriyani, Sp.S	Dokter Spesialis	IV/b	SMF SYARAF
dr. Luther T, Sp.N	Dokter Spesialis	IV/a	SMF SYARAF
dr. Raden Ayu Neilan Amroisa,Sp.S	Dokter Spesialis	IV/b	SMF SYARAF
dr. Roezwir Azhary, Sp.S	Dokter Spesialis	IV/e	SMF SYARAF
dr. ABI RYAMAFI BAZAR, Sp.OG (K)	Dokter Spesialis	IV/b	SMF KEBIDANAN
dr. BIMA ANANTA B, Sp.OG	Dokter Spesialis	X	SMF KEBIDANAN
dr. DINO RINALDY, Sp.OG	Dokter Spesialis	IV/c	SMF KEBIDANAN
dr. Joel Bertelin Purba, Sp.OG	Dokter Spesialis	IV/a	SMF KEBIDANAN
dr. MUHAMMAD JAVEDH IQBAL, Sp.OG	Dokter Spesialis	X	SMF KEBIDANAN
dr. Ody Wijaya, Sp.OG (K) Fer	Dokter Spesialis	III/d	SMF KEBIDANAN
dr. RONNY ADRIAN, Sp.OG (K) Fer	Dokter Spesialis	III/d	SMF KEBIDANAN
dr. Ratna Dewi Puspita S ,Sp.OG	Dokter Spesialis	III/d	SMF KEBIDANAN
dr. Taufiqurrahman Rahim,Sp.OG(K)	Dokter Spesialis	IV/e	SMF KEBIDANAN
dr. CHARLES KRISNANDA, Sp.JP	Dokter Spesialis	-	SMF JANTUNG
dr. Hasudungan Sibuea, Sp.J	Dokter Spesialis	IV/d	SMF JANTUNG
dr. Novitri Yulistiawati, Sp.JP	Dokter Spesialis	III/c	SMF JANTUNG
dr. RONY MARIO C.,Sp.JP	Dokter Spesialis	X	SMF JANTUNG
dr. TERRANCE RANSUN, Sp.JP(K)	Dokter Spesialis	X	SMF JANTUNG
dr. AHMAD ANGGA LUTHFI, Sp.An	Dokter Spesialis	III/b	SMF ANESTESI
dr. ANDRE KUSUMA RAKHMAN, Sp.An	Dokter Spesialis	III/b	SMF ANESTESI
dr. Ari Wahyuni, Sp.An	Dokter Spesialis	III/b	SMF ANESTESI
dr. Joan Willy Ansar, Sp.An	Dokter Spesialis	III/b	SMF ANESTESI
dr. KHADAFI INDRAWAN,  Sp.An	Dokter Spesialis	III/b	SMF ANESTESI
dr. Ade Aria Nugraha, Sp. AN	Dokter Spesialis	IV/b	SMF ANESTESI
dr. BAMBANG EKO SUBEKTI,SP.AN MSC	Dokter Spesialis	IV/b	SMF ANESTESI
dr. Dendy Maulana, Sp.An, M.Kes	Dokter Spesialis	III/d	SMF ANESTESI
dr. INDRA FAISAL, SP.AN. M.KES	Dokter Spesialis	III/d	SMF ANESTESI
dr. Putu Junita Palupi, Sp.An-KIC	Dokter Spesialis	IV/c	SMF ANESTESI
dr. DWI INDRIA A, M.Sc., Sp. KK	Dokter Spesialis	III/d	SMF KULIT DAN KELAMIN
dr. HENDRA TARIGAN S,SP.KK.M.KES	Dokter Spesialis	III/d	SMF KULIT DAN KELAMIN
dr. Yulisna, Sp.KK	Dokter Spesialis	IV/a	SMF KULIT DAN KELAMIN
DR. dr. Fatah Satya W, Sp.THT-KL	Dokter Spesialis	IV/a	SMF THT
dr. Fivien Fedriani, Sp.THT-KL	Dokter Spesialis	IV/a	SMF THT
dr. Mukhlis Imanto, M.Kes,Sp.THT	Dokter Spesialis	III/b	SMF THT
dr. DEWI NUR FIANA, Sp.KFR	Dokter Spesialis	III/b	SMF REHABILITAS MEDIK
dr. MAYANG CENDIKIA S, Sp.K.F.R	Dokter Spesialis	III/d	SMF REHABILITAS MEDIK
dr. NOFLIH SULISTIA, Sp. Rad (K)	Dokter Spesialis	X	SMF RADIOLOGI
dr. TANTRI DWI KANIYA RH, SP,RAD	Dokter Spesialis	III/d	SMF RADIOLOGI
dr. M.RICKY RAMADHIAN,M.Sc.Sp.Rad	Dokter Spesialis	III/d	SMF RADIOLOGI
dr. Rasyidah, Sp. Rad	Dokter Spesialis	III/d	SMF RADIOLOGI
Dr. dr. HIDAYAT, Sp.PK	Dokter Spesialis	IV/c	SMF LABORATORIUM PATOLOGI KLINIK
dr. Indah Yati, Sp.PA	Dokter Spesialis	IV/a	SMF LABORATORIUM PATOLGI ANATOMI
dr. Indri Windarti. Sp.PA	Dokter Spesialis	III/c	SMF LABORATORIUM PATOLGI ANATOMI
dr. RESTI ARANIA, Sp.PA	Dokter Spesialis	IV/b	SMF LABORATORIUM PATOLGI ANATOMI
dr. Rohainah, Sp.PA	Dokter Spesialis	IV/a	SMF LABORATORIUM PATOLGI ANATOMI
dr. Aberta Karolina, Sp.F.M., MH	Dokter Spesialis	IV/a	SMF FORENSIK
dr. MUHAMMAD GALIH IRIANTO, Sp.F	Dokter Spesialis	XI	SMF FORENSIK
dr. SEPTIA EVA LUSINA, Sp.F	Dokter Spesialis	-	SMF FORENSIK
dr. FAJAR YUWANTO, Sp.PD	Dokter Spesialis	III/d	SMF MEDICAL CHECK UP
dr.SYUHADA, SP.PK, M.KES	Dokter Spesialis	IV/c	SMF UNIT TRANSFUSI DARAH
dr. Riana Handayani, Sp.JP, Subsp.K.I (K).,MARS	Dokter Spesialis	III/d	SMF CATH LAB
dr. ADHI MARIHOT PP, Sp.Onk.,Rad	Dokter Spesialis	III/d	SMF RADIOTERAPI
dr. AURIKA SINAMBELA, Sp.Onk.Rad	Dokter Spesialis	-	SMF RADIOTERAPI
Dr. Tutik Ernawati. M.gizi.Sp.GK	Dokter Spesialis	IV/a	SMF GIZI
dr. Alfia Rifanti, Sp.KJ	Dokter Spesialis	III/d	SMF JIWA
dr. Lina Herliyana, Sp.M.K	Dokter Spesialis	IV/c	SMF MIKBIOLOGI KLINIK
dr. Adhelia Kusuma Wardani,Sp.PD	Dokter Spesialis	-	SMF PENYAKIT DALAM
dr. Ayu Cahya Andhayani.Sp.PD	Dokter Spesialis	III/c	SMF PENYAKIT DALAM
dr. Canggih Dian Hidayah, Sp,PD	Dokter Spesialis	III/B	SMF PENYAKIT DALAM
dr. M. Farid Rakhman, Sp,PD	Dokter Spesialis	III/B	SMF PENYAKIT DALAM
dr. Radinal Mauludi, Sp.PD	Dokter Spesialis	-	SMF PENYAKIT DALAM
dr. M. Nasrullah,Sp.OT SubspHand	Dokter Spesialis	XI	SMF BEDAH
dr. RISAL WINTOKO, Sp.B	Dokter Spesialis	III/d	SMF BEDAH
dr. Sabasdin Harahap, Sp.B	Dokter Spesialis	IV/c	SMF BEDAH
dr. M. Fajrin Armin F.	Dokter Spesialis	IV/a	SMF BEDAH
drg. GILANG JATI P. Sp,B.M.M -	Dokter Spesialis	III/B	SMF GILUT
dr. Arief Rahman, Sp. A	Dokter Spesialis	III/c	SMF ANAK
dr. Bela Siska Afrida, Sp.A	Dokter Spesialis	-	SMF ANAK
dr. Diajeng Putri, M.Med.Sc.Sp.A	Dokter Spesialis	-	SMF ANAK
dr. Rachman Indra Jaya, Sp.A	Dokter Spesialis	-	SMF ANAK
dr. MUHAMMAD MAULANA. Sp.M	Dokter Spesialis	-	SMF MATA
dr. Chicy Widya Morfi, Sp.P	Dokter Spesialis	XI	SMF PARU
dr. TETRA ARYA SAPUTRA, Sp.P	Dokter Spesialis	XI	SMF PARU
dr. Izza Ayudia Hakim, Sp.N	Dokter Spesialis	-	SMF SYARAF
dr. Efriyan Imantika,M.Sc.,Sp.OG	Dokter Spesialis	III/b	SMF KEBIDANAN
dr. HENI DEKASARI, Sp.OG	Dokter Spesialis	IV/b	SMF KEBIDANAN
dr. NURUL ISLAMY, M.Kes., Sp.OG	Dokter Spesialis	III/d	SMF KEBIDANAN
dr. Rodiani,M.sc., Sp.OG	Dokter Spesialis	III/d	SMF KEBIDANAN
dr. SARLITA INDAH P., Sp.OG	Dokter Spesialis	III/b	SMF KEBIDANAN
dr. Zulfadli, Sp.OG	Dokter Spesialis	III/d	SMF KEBIDANAN
dr. DWI KRISNAWATI, Sp.JP., FIHA	Dokter Spesialis	III/b	SMF JANTUNG
dr. SIGIT PRATAMA J.N., Sp.JP	Dokter Spesialis	X	SMF JANTUNG
"dr. FEBBY SHABRINA, Sp.THTKL	"	Dokter Spesialis	III/b	SMF THT
dr. HEPY H. M.Ked.Klin.,Sp.MK	Dokter Spesialis	-	SMF MIKBIOLOGI KLINIK
dr. RINAVI ADRIN, Sp.N	Dokter Spesialis	III/B	SMF SYARAF
Yusuf Aulia Rahman, Dr., Sp.PD	Dokter Spesialis	IV/a	SMF PENYAKIT DALAM
dr. AHMAD YUSRAN., Sp.PD	Dokter Spesialis	XI	SMF PENYAKIT DALAM
dr. Deasiana Paksi Moeda,  Sp.B, FInaCs	Dokter Spesialis	-	SMF BEDAH
dr. Hadi Wijaya, Sp.PD	Dokter Spesialis	-	SMF PENYAKIT DALAM
dr. Rizka Hanifah, Sp.OnkRad., MBA	Dokter Spesialis	-	SMF RADIOTERAPI
dr. YUHPITA INDAH EFRIYANI, dr. Sp. PK 	Dokter Spesialis	III/b	SMF LABORATORIUM PATOLOGI KLINIK
dr. Ali Satria, Sp.B., Sub.Sp.BVE (K)	Dokter Spesialis	III/d	SMF BEDAH
dr. Fredi Ferdinand Carol, Sp.B., Sub.Sp.BVE (K)	Dokter Spesialis	III/b	SMF BEDAH
dr. Rezandi Aziztama, Sp.M	Dokter Spesialis	III/b	SMF MATA
dr. M. Shiddiq Al Hanif, Sp.PD	Dokter Spesialis	III/B	SMF PENYAKIT DALAM
dr. Maria Jheny Fulgensia Purba, Sp.N	Dokter Spesialis	III/B	SMF SYARAF
dr. Nita Sahara, Sp.PA	Dokter Spesialis	III/B	SMF LABORATORIUM PATOLGI ANATOMI
dr. Hario Tri Hendroko, Sp.An	Dokter Spesialis	III/b	SMF ANESTESI
dr. Muhamad Dwi Nugroho, Sp.M	Dokter Spesialis	III/b	SMF MATA
dr. Dian Octaviani	Dokter Umum	III/b	SMF UMUM
dr. Neola Amanda MZ 	Dokter Umum	III/b	SMF UMUM
dr. Agung Satria Utama H	Dokter Umum	III/b	SMF UMUM
dr. Agtara Liza Asthri	Dokter Umum	III/b	SMF UMUM
dr. Andhika Mahatidanar Hidayat	Dokter Umum	III/b	SMF UMUM
dr. Amara Muthia Permata	Dokter Umum	III/b	SMF UMUM
dr. Gemayangsura	Dokter Umum	III/b	SMF UMUM
dr. Daffa Abhista Wicaksana	Dokter Umum	III/b	SMF UMUM
dr. Andre Nugraha Nurman, Sp.JP	Dokter Spesialis	-	SMF JANTUNG
HENIRIA HERYANTI, S.KOM	STAF ADM UMUM	IX	PUSAT KRISIS DAN DATA KESEHATAN
SUWITO SISWOYO	STAF ADM UMUM	I	R. PARU
KHOLID MAWARDI, A.Md	STAF ADM UMUM	VII	KOMITE MEDIK
GITA NOVIANI	STAF ADM PELAYANAN	V	ADMISTRASI FARMASI
MUHAMMAD AMIRULLOH SIDDIQ	STAF ADM PELAYANAN	V	INSTALASI BEDAH SENTRAL
MAHMUD HR	STAF ADM PELAYANAN	V	INSTALASI BEDAH SENTRAL
UGI SETIAWATI	STAF ADM PELAYANAN	V	INSTALASI BEDAH SENTRAL
MUHAMMAD FARHAN HABIBIE, SKM	STAF ADM UMUM	IX	INSTALASI CATH LAB
Arif Rahman Hakim	STAF ADM UMUM	-	Polisi Pamong Praja
Trisnan	STAF ADM UMUM	-	Polisi Pamong Praja
Edwin Khaidir	STAF ADM UMUM	-	Polisi Pamong Praja
Feri Abung	STAF ADM UMUM	-	Polisi Pamong Praja
Achmad Ramadhan Hidayat	STAF ADM UMUM	-	Polisi Pamong Praja
Selamet Hermanto	STAF ADM UMUM	-	Polisi Pamong Praja
Pendi Agus Wawan Suhendra	STAF ADM UMUM	-	Polisi Pamong Praja
IIN KAPRIADI	STAF ADM UMUM	-	Polisi Pamong Praja
Dodi Ariansyah	STAF ADM UMUM	-	Polisi Pamong Praja
Aris Cahyo Prastiyo	STAF ADM UMUM	-	Polisi Pamong Praja
Paradita Ismanto	STAF ADM UMUM	-	Polisi Pamong Praja
Edwin Hitopea	STAF ADM UMUM	-	Polisi Pamong Praja
Rizal Abdul Rahman	STAF ADM UMUM	-	Polisi Pamong Praja
Andi Mulyadi	STAF ADM UMUM	-	Polisi Pamong Praja
Rivky Zaini	STAF ADM UMUM	-	Polisi Pamong Praja
Ade Prahara Kusuma	STAF ADM UMUM	-	Polisi Pamong Praja
Rizky Novridoni	STAF ADM UMUM	-	Polisi Pamong Praja
Agus Salim	STAF ADM UMUM	-	Polisi Pamong Praja